Item_Id,Low_Cap_Price
IT_265079,3615.4
IT_265087,3731.0
IT_265107,8944.0
IT_265139,8198.0
IT_265142,2758.4
IT_265144,1594.2
IT_265148,4469.4
IT_265156,5062.4
IT_265162,9946.4
IT_265170,9473.6
IT_265175,4684.2
IT_265181,8562.8
IT_265183,6967.8
IT_265184,5201.4
IT_265196,7302.6
IT_265201,6138.4
IT_265205,4381.2
IT_265244,3704.8
IT_265255,11323.2
IT_265259,10536.8
IT_265264,6968.6
IT_265274,5864.6
IT_265275,3615.2
IT_265294,898.2
IT_265315,9509.6
IT_265317,3157.2
IT_265332,4959.6
IT_265338,7444.2
IT_265339,6105.2
IT_265341,7342.8
IT_265349,3250.0
IT_265350,8366.2
IT_265360,7859.2
IT_265379,3600.8
IT_265382,7564.4
IT_265417,11786.6
IT_265448,4133.8
IT_265455,4447.4
IT_265482,5536.2
IT_265490,4970.8
IT_265495,6221.8
IT_265499,5437.0
IT_265500,7615.0
IT_265504,3855.6
IT_265507,7737.0
IT_265533,8378.6
IT_265566,9289.8
IT_265568,4378.6
IT_265575,8915.4
IT_265577,4826.0
IT_265581,11212.8
IT_265611,6393.6
IT_265615,6100.0
IT_265647,4140.0
IT_265697,6566.2
IT_265701,4002.4
IT_265702,2837.6
IT_265703,1800.4
IT_265720,10786.8
IT_265734,3546.8
IT_265736,7444.2
IT_265740,8562.8
IT_265742,5916.4
IT_265747,4984.2
IT_265751,6715.8
IT_265757,5264.8
IT_265792,6842.8
IT_265816,6127.6
IT_265819,2610.0
IT_265866,11323.2
IT_265869,8915.4
IT_265874,1951.0
IT_265880,3016.4
IT_265905,6221.8
IT_265911,6129.8
IT_265922,5673.8
IT_265927,6118.4
IT_265932,5042.8
IT_265935,4602.2
IT_265948,4525.0
IT_265966,5652.2
IT_265976,3422.8
IT_265999,5971.8
IT_266030,4466.2
IT_266056,1390.4
IT_266058,4117.2
IT_266060,1903.8
IT_266069,2274.0
IT_266096,10961.8
IT_266103,4817.4
IT_266111,3977.8
IT_266115,6023.8
IT_266124,4539.6
IT_266128,7431.8
IT_266132,4712.4
IT_266137,6053.4
IT_266141,2937.0
IT_266155,11323.2
IT_266157,11323.2
IT_266166,4979.2
IT_266175,3415.0
IT_266188,4462.8
IT_266255,690.4
IT_266258,3037.2
IT_266264,3789.6
IT_266281,8198.0
IT_266298,5649.2
IT_266299,6226.8
IT_266307,3800.6
IT_266318,7470.8
IT_266322,5931.4
IT_266324,6935.2
IT_266334,4959.6
IT_266338,3137.6
IT_266354,8334.4
IT_266366,2560.8
IT_266376,2346.6
IT_266402,7555.0
IT_266413,5182.4
IT_266453,923.0
IT_266498,3546.8
IT_266499,1349.6
IT_266506,4094.6
IT_266514,7723.4
IT_266523,3899.8
IT_266532,4061.0
IT_266536,6759.6
IT_266537,5481.0
IT_266541,2443.6
IT_266556,10537.4
IT_266557,11323.2
IT_266571,2484.4
IT_266578,2100.6
IT_266594,7962.0
IT_266650,6962.8
IT_266665,2413.8
IT_266667,6909.6
IT_266671,5384.8
IT_266684,9473.6
IT_266700,5226.4
IT_266703,6783.2
IT_266715,8780.8
IT_266731,7555.0
IT_266741,5987.0
IT_266744,6772.4
IT_266752,5925.0
IT_266786,10537.4
IT_266806,3905.2
IT_266825,10903.8
IT_266833,4144.2
IT_266836,2215.8
IT_266842,3106.2
IT_266855,4660.2
IT_266915,11746.6
IT_266927,6708.6
IT_266950,7566.0
IT_266955,9861.6
IT_266974,6396.4
IT_266977,6412.4
IT_266981,5560.6
IT_266983,3344.6
IT_266988,4773.0
IT_266993,6365.8
IT_266994,6705.8
IT_266996,4178.4
IT_266999,7428.2
IT_267001,5666.6
IT_267003,7160.0
IT_267004,4844.8
IT_267019,2525.6
IT_267026,11323.2
IT_267049,4503.0
IT_267067,3149.2
IT_267121,8429.0
IT_267125,2064.6
IT_267130,3971.4
IT_267169,4844.8
IT_267181,7342.8
IT_267189,3304.6
IT_267194,6527.6
IT_267202,3090.4
IT_267243,2566.6
IT_267326,3084.8
IT_267328,3038.8
IT_267333,4763.8
IT_267401,2871.4
IT_267411,4061.0
IT_267468,1905.6
IT_267471,3245.6
IT_267474,3870.4
IT_267476,5168.4
IT_267495,10003.2
IT_267513,4050.0
IT_267517,7039.4
IT_267519,5966.0
IT_267534,6226.8
IT_267544,2802.0
IT_267555,3397.2
IT_267556,3469.0
IT_267599,2677.2
IT_267604,4435.0
IT_267652,5441.6
IT_267654,677.2
IT_267656,2012.6
IT_267662,2458.6
IT_267707,3487.4
IT_267711,5551.0
IT_267713,5768.2
IT_267714,4562.8
IT_267721,6752.8
IT_267735,2246.6
IT_267764,11323.2
IT_267808,2702.6
IT_267819,4192.0
IT_267844,4131.8
IT_267885,1482.2
IT_267929,4684.2
IT_267932,7104.2
IT_267938,5625.6
IT_267939,4605.0
IT_267944,3945.8
IT_267945,4586.2
IT_267951,6925.2
IT_267954,4840.6
IT_267957,2246.6
IT_267970,2952.0
IT_268027,6854.4
IT_268040,3298.0
IT_268075,5199.8
IT_268107,1910.2
IT_268195,8334.4
IT_268249,4753.6
IT_268250,6925.2
IT_268256,5596.4
IT_268259,2405.0
IT_268265,4586.2
IT_268272,6191.4
IT_268275,5476.6
IT_268284,3940.4
IT_268285,3568.0
IT_268300,4382.0
IT_268323,2586.6
IT_268331,2666.2
IT_268364,11323.2
IT_268398,5195.4
IT_268400,2012.2
IT_268406,3557.6
IT_268447,3196.8
IT_268455,3344.6
IT_268463,2622.8
IT_268469,2761.4
IT_268472,2791.2
IT_268475,6147.0
IT_268476,3601.0
IT_268486,3747.2
IT_268497,8637.4
IT_268517,2058.2
IT_268552,6047.0
IT_268591,5327.2
IT_268630,4035.0
IT_268644,2383.8
IT_268651,8961.4
IT_268669,6077.2
IT_268672,6845.2
IT_268678,1928.4
IT_268683,5201.4
IT_268690,3057.4
IT_268695,3864.8
IT_268719,6613.4
IT_268734,11323.2
IT_268756,2071.4
IT_268834,1723.8
IT_268841,3178.6
IT_268890,7136.4
IT_268893,6609.0
IT_268904,6076.2
IT_268906,5016.0
IT_268909,6745.0
IT_268912,4790.8
IT_268958,2432.0
IT_268994,8915.4
IT_269018,4659.8
IT_269029,2172.2
IT_269056,3813.6
IT_269067,3934.2
IT_269105,2196.8
IT_269172,3032.8
IT_269213,5883.4
IT_269221,3554.2
IT_269236,8189.4
IT_269267,2482.4
IT_269290,2921.2
IT_269308,6964.0
IT_269317,3346.6
IT_269327,2133.4
IT_269384,1418.6
IT_269420,3007.0
IT_269451,5070.8
IT_269468,848.8
IT_269520,2914.4
IT_269525,5925.4
IT_269528,2552.4
IT_269532,4976.6
IT_269540,6330.6
IT_269546,6480.6
IT_269559,2548.2
IT_269606,2230.6
IT_269639,10903.8
IT_269689,4300.0
IT_269705,1672.8
IT_269742,2654.4
IT_269748,3747.6
IT_269759,5887.0
IT_269769,2678.4
IT_269784,2184.0
IT_269785,1761.2
IT_269813,2500.4
IT_269834,3914.0
IT_269899,1308.8
IT_269900,2434.0
IT_269903,6659.6
IT_269907,2995.8
IT_269923,2791.4
IT_269943,3059.4
IT_269964,2822.0
IT_269969,4257.0
IT_269971,4911.0
IT_269976,6214.8
IT_269984,5622.8
IT_269996,2423.4
IT_270011,7836.4
IT_270025,2451.4
IT_270029,3756.2
IT_270036,2347.4
IT_270057,2359.6
IT_270086,1402.6
IT_270129,7289.4
IT_270157,2015.2
IT_270254,5917.2
IT_270264,7399.0
IT_270268,2845.4
IT_270282,2434.6
IT_270297,2328.2
IT_270330,5022.0
IT_270332,4710.4
IT_270341,3536.8
IT_270342,6738.4
IT_270394,1925.0
IT_270427,3724.6
IT_270428,6964.8
IT_270485,3449.8
IT_270500,2310.2
IT_270537,2227.6
IT_270543,5343.4
IT_270545,5658.0
IT_270549,6024.2
IT_270556,3166.2
IT_270566,2090.8
IT_270628,8915.4
IT_270642,2828.4
IT_270674,3500.6
IT_270675,5203.0
IT_270682,6540.6
IT_270716,2476.2
IT_270747,2513.8
IT_270839,2587.2
IT_270873,4497.8
IT_270887,5607.6
IT_270898,6657.0
IT_270943,2137.2
IT_270951,2743.0
IT_270974,5990.4
IT_270980,7201.0
IT_271071,2022.2
IT_271121,3794.6
IT_271158,7128.0
IT_271172,2023.0
IT_271207,3692.2
IT_271254,8198.0
IT_271308,2403.6
IT_271313,6329.8
IT_271349,6531.0
IT_271365,1834.2
IT_271437,8529.8
IT_271463,4028.2
IT_271517,4399.8
IT_271533,2744.6
IT_271538,2122.0
IT_271541,4108.8
IT_271604,2370.6
IT_271625,4861.6
IT_271664,4128.2
IT_271713,2398.0
IT_271758,2435.8
IT_271778,5979.0
IT_271801,1667.6
IT_271810,889.4
IT_271832,2432.0
IT_271841,2832.2
IT_271903,9359.6
IT_271927,10903.8
IT_271990,2352.2
IT_271996,2937.8
IT_272007,5771.6
IT_272010,2769.6
IT_272026,2638.2
IT_272121,2825.2
IT_272146,2052.2
IT_272152,2491.4
IT_272264,3346.6
IT_272281,2292.2
IT_272321,2458.2
IT_272329,4982.0
IT_272333,5799.4
IT_272336,3823.2
IT_272339,6780.8
IT_272346,2869.4
IT_272351,2970.0
IT_272359,2190.0
IT_272368,5825.0
IT_272385,1834.2
IT_272495,3336.8
IT_272553,2834.4
IT_272568,5651.8
IT_272580,2003.6
IT_272583,4140.2
IT_272611,2737.0
IT_272682,3083.4
IT_272735,2487.0
IT_272757,3131.4
IT_272762,2780.8
IT_272795,2252.8
IT_272828,5803.4
IT_272902,3064.4
IT_272938,3623.4
IT_272958,2686.0
IT_272965,2443.8
IT_272973,3666.8
IT_272975,2479.2
IT_272995,2515.6
IT_273028,2532.2
IT_273133,4655.0
IT_273134,5328.6
IT_273138,2928.2
IT_273152,2489.4
IT_273194,2442.2
IT_273200,3447.6
IT_273221,3095.4
IT_273258,2467.6
IT_273327,11256.8
IT_273331,5554.4
IT_273334,10511.8
IT_273344,3687.6
IT_273355,1866.2
IT_273388,2690.6
IT_273413,1699.6
IT_273468,3363.0
IT_273555,1341.0
IT_273570,2897.6
IT_273571,3082.6
IT_273606,4593.4
IT_273617,1562.6
IT_273687,1378.6
IT_273714,2468.8
IT_273740,2712.8
IT_273757,5140.2
IT_273761,2580.2
IT_273768,2327.0
IT_273770,3380.8
IT_273780,6593.6
IT_273782,5224.0
IT_273795,2589.8
IT_273798,3538.2
IT_273828,1482.4
IT_273866,4716.8
IT_273926,2032.4
IT_273927,1693.0
IT_273928,1108.6
IT_273929,1371.0
IT_273930,1683.0
IT_273931,1308.2
IT_273954,2812.6
IT_273977,2410.4
IT_274019,5926.6
IT_274029,3006.6
IT_274035,3789.4
IT_274039,6107.8
IT_274074,6137.6
IT_274123,4523.4
IT_274215,5141.2
IT_274218,2777.2
IT_274220,3093.4
IT_274237,4179.6
IT_274241,3002.6
IT_274268,3235.6
IT_274282,5843.4
IT_274294,5177.6
IT_274305,5049.8
IT_274313,2375.4
IT_274318,2128.8
IT_274321,4719.8
IT_274327,1072.4
IT_274328,1988.2
IT_274332,1194.4
IT_274349,3358.0
IT_274354,1815.4
IT_274434,1712.0
IT_274439,1991.8
IT_274440,1837.0
IT_274441,893.6
IT_274442,1604.0
IT_274443,1547.4
IT_274444,1208.6
IT_274463,2525.0
IT_274526,2629.2
IT_274533,1927.4
IT_274538,4867.2
IT_274562,3770.0
IT_274568,1878.8
IT_274571,1893.0
IT_274589,3061.4
IT_274594,2285.0
IT_274626,2819.2
IT_274629,3273.4
IT_274696,2308.6
IT_274697,1853.4
IT_274698,1273.4
IT_274722,2957.4
IT_274725,2859.8
IT_274748,2215.2
IT_274791,2708.6
IT_274808,1891.8
IT_274827,2279.0
IT_274857,2737.0
IT_274890,5649.2
IT_274919,7019.2
IT_274972,1852.2
IT_275004,2869.4
IT_275006,2723.8
IT_275013,2618.8
IT_275026,2873.8
IT_275029,2785.8
IT_275044,2240.0
IT_275054,1212.6
IT_275069,2730.4
IT_275097,2243.0
IT_275124,576.6
IT_275136,2070.4
IT_275175,3452.2
IT_275211,1733.6
IT_275318,3653.8
IT_275343,2482.8
IT_275383,2492.2
IT_275392,2428.2
IT_275411,5971.6
IT_275413,5850.4
IT_275456,3176.8
IT_275460,2213.6
IT_275503,5104.0
IT_275597,4131.8
IT_275650,2658.4
IT_275658,4927.4
IT_275668,5780.6
IT_275671,3797.6
IT_275683,3471.6
IT_275713,2767.2
IT_275717,2540.0
IT_275758,6127.6
IT_275803,3278.6
IT_275804,1484.0
IT_275818,6671.0
IT_275825,3922.2
IT_275861,1780.6
IT_275903,6208.2
IT_275933,2980.2
IT_275942,4237.4
IT_275946,4122.8
IT_275952,1690.4
IT_275953,2984.8
IT_275976,2919.4
IT_275980,2285.0
IT_276067,2209.8
IT_276068,1366.0
IT_276069,1308.2
IT_276098,3070.8
IT_276123,3783.0
IT_276162,5026.2
IT_276167,2708.6
IT_276176,4560.4
IT_276177,2100.4
IT_276180,4515.6
IT_276188,4854.8
IT_276200,3978.4
IT_276204,4773.4
IT_276232,2732.4
IT_276236,2302.6
IT_276267,7540.2
IT_276278,2314.6
IT_276375,2283.6
IT_276422,2645.4
IT_276431,5218.4
IT_276442,2640.0
IT_276458,4237.0
IT_276485,2934.6
IT_276488,2196.4
IT_276527,6216.0
IT_276558,5158.6
IT_276569,2431.0
IT_276587,3423.6
IT_276590,2052.8
IT_276622,2776.2
IT_276631,2481.0
IT_276639,5284.2
IT_276650,5846.2
IT_276652,4587.2
IT_276670,987.8
IT_276671,1038.8
IT_276672,2625.2
IT_276682,3651.6
IT_276685,2058.2
IT_276750,2465.0
IT_276781,3131.4
IT_276792,2855.6
IT_276797,1891.8
IT_276799,4486.8
IT_276805,2511.8
IT_276820,2934.6
IT_276824,2696.8
IT_276832,5958.8
IT_276833,1972.0
IT_276917,4311.8
IT_276920,5826.8
IT_276996,2905.2
IT_277005,4521.8
IT_277028,4865.0
IT_277032,4287.0
IT_277036,1257.6
IT_277043,1960.4
IT_277060,3221.4
IT_277063,1977.6
IT_277099,2621.2
IT_277170,5286.8
IT_277250,4045.8
IT_277256,3651.6
IT_277267,2890.6
IT_277273,947.2
IT_277296,3946.2
IT_277300,2213.6
IT_277397,2678.2
IT_277407,3917.2
IT_277412,3046.8
IT_277483,5520.2
IT_277484,2203.0
IT_277497,3297.2
IT_277510,2869.4
IT_277517,3307.4
IT_277521,1082.0
IT_277541,3190.4
IT_277545,1733.6
IT_277553,4104.8
IT_277573,2643.8
IT_277618,854.4
IT_277653,5782.0
IT_277664,3817.4
IT_277717,5722.0
IT_277729,2607.6
IT_277736,5031.4
IT_277748,1917.2
IT_277771,3546.2
IT_277772,5299.6
IT_277779,833.8
IT_277796,3745.6
IT_277810,1761.2
IT_277891,3810.2
IT_277893,1244.4
IT_277919,6761.4
IT_277927,3040.2
IT_277974,2703.4
IT_277997,2091.8
IT_278007,2444.4
IT_278030,4130.4
IT_278041,2643.2
IT_278059,2983.0
IT_278095,3289.0
IT_278138,2895.6
IT_278140,1210.4
IT_278158,3056.0
IT_278193,2439.0
IT_278233,2203.0
IT_278244,4226.4
IT_278254,2398.0
IT_278265,4638.2
IT_278269,4465.8
IT_278272,1322.2
IT_278283,3290.6
IT_278319,3030.4
IT_278330,2723.6
IT_278353,3640.6
IT_278354,1937.4
IT_278394,3248.4
IT_278409,4692.0
IT_278413,4802.6
IT_278414,4683.2
IT_278422,2748.2
IT_278440,3419.2
IT_278452,1913.4
IT_278528,1584.2
IT_278581,2423.4
IT_278603,3094.6
IT_278609,4293.0
IT_278622,2972.4
IT_278648,2370.0
IT_278650,5817.4
IT_278663,4037.4
IT_278671,1540.2
IT_278695,3553.2
IT_278698,2264.2
IT_278779,2986.8
IT_278836,3240.8
IT_278875,2876.0
IT_278877,2292.0
IT_278899,2439.0
IT_278900,6341.0
IT_278903,5073.6
IT_278905,3557.0
IT_278914,3985.6
IT_278949,3846.4
IT_278962,2733.0
IT_278980,2641.6
IT_279037,801.6
IT_279056,2116.2
IT_279096,3407.6
IT_279134,4824.0
IT_279141,2423.0
IT_279156,2468.4
IT_279167,3095.6
IT_279194,2985.0
IT_279213,3118.4
IT_279251,3536.4
IT_279299,3663.0
IT_279328,234.2
IT_279340,2406.8
IT_279368,3504.8
IT_279422,1992.6
IT_279436,5501.6
IT_279439,5523.2
IT_279447,3086.0
IT_279468,3113.0
IT_279486,3243.2
IT_279499,4104.8
IT_279527,4122.4
IT_279596,2380.0
IT_279607,2818.2
IT_279611,2969.4
IT_279638,3484.8
IT_279685,2272.4
IT_279692,2855.8
IT_279697,4340.4
IT_279700,4104.8
IT_279705,5562.6
IT_279724,4203.2
IT_279753,2532.2
IT_279761,2191.4
IT_279783,4112.0
IT_279811,2055.0
IT_279814,3731.2
IT_279835,2079.6
IT_279840,7526.4
IT_279872,2281.4
IT_279903,2191.0
IT_279929,5553.2
IT_279947,2504.4
IT_279950,4036.4
IT_279958,2058.0
IT_280006,2718.6
IT_280037,2718.8
IT_280038,5357.0
IT_280050,3793.6
IT_280192,2723.2
IT_280220,1138.0
IT_280225,4667.4
IT_280228,2394.6
IT_280236,4976.2
IT_280240,2944.4
IT_280244,5702.6
IT_280257,3832.6
IT_280282,4352.6
IT_280295,1663.2
IT_280318,3279.4
IT_280322,4158.0
IT_280399,2393.4
IT_280425,2527.6
IT_280459,5574.0
IT_280482,2392.0
IT_280495,4690.0
IT_280520,3665.2
IT_280532,2782.8
IT_280535,5161.6
IT_280556,4162.0
IT_280628,3017.2
IT_280678,5495.4
IT_280681,3626.0
IT_280685,2351.0
IT_280706,3251.8
IT_280709,3941.2
IT_280722,2151.6
IT_280740,2468.4
IT_280811,2323.0
IT_280848,2507.6
IT_280892,3407.0
IT_280899,2334.4
IT_280901,4854.4
IT_280905,2855.6
IT_280914,4333.6
IT_280925,3178.4
IT_280928,2154.2
IT_280956,3223.4
IT_280989,3803.4
IT_281089,2171.2
IT_281127,5659.8
IT_281130,4065.4
IT_281134,3460.4
IT_281146,2284.8
IT_281147,4103.2
IT_281161,2633.6
IT_281179,3250.0
IT_281180,2688.4
IT_281197,3895.2
IT_281200,2137.2
IT_281324,2431.8
IT_281349,2870.6
IT_281360,2554.2
IT_281375,2899.6
IT_281385,2375.4
IT_281390,5013.0
IT_281404,2972.8
IT_281414,3494.8
IT_281443,4340.2
IT_281473,2971.8
IT_281508,5331.2
IT_281514,5174.6
IT_281544,2836.0
IT_281558,1639.8
IT_281578,2909.0
IT_281579,2789.2
IT_281631,1269.6
IT_281681,2923.2
IT_281703,3538.0
IT_281718,3389.4
IT_281736,5057.2
IT_281743,3716.2
IT_281757,4989.8
IT_281760,3962.4
IT_281794,3302.2
IT_281807,2733.0
IT_281823,3196.2
IT_281875,2417.2
IT_281934,4034.8
IT_281957,1792.2
IT_281979,2363.4
IT_281987,5211.8
IT_281990,2580.4
IT_282010,4571.8
IT_282015,4122.8
IT_282026,3175.6
IT_282035,11323.2
IT_282058,3756.4
IT_282122,1606.8
IT_282145,2365.8
IT_282175,2439.0
IT_282215,4065.4
IT_282226,2125.8
IT_282234,3893.2
IT_282266,3564.2
IT_282285,3974.0
IT_282316,6246.4
IT_282379,2079.6
IT_282388,3456.4
IT_282412,3772.2
IT_282452,2472.0
IT_282457,5132.6
IT_282459,3131.4
IT_282467,4874.8
IT_282494,5074.4
IT_282499,5131.8
IT_282510,3273.0
IT_282525,2836.0
IT_282614,2005.8
IT_282622,2971.8
IT_282645,3017.2
IT_282666,2994.8
IT_282680,2592.8
IT_282687,5909.4
IT_282688,3029.2
IT_282701,5631.0
IT_282708,2023.4
IT_282723,4673.4
IT_282739,2469.6
IT_282748,3966.6
IT_282751,1828.2
IT_282763,2517.0
IT_282783,3818.4
IT_282817,6793.8
IT_282834,4255.6
IT_282865,4058.0
IT_282895,5550.8
IT_282898,2722.2
IT_282907,4976.2
IT_282911,2504.4
IT_282912,5654.2
IT_282916,4228.8
IT_282952,3320.6
IT_282955,2166.8
IT_282982,2933.2
IT_283014,3380.0
IT_283049,3020.4
IT_283050,5307.6
IT_283057,5816.0
IT_283086,4469.2
IT_283121,3590.2
IT_283185,2200.4
IT_283186,3442.2
IT_283220,3592.2
IT_283241,4951.2
IT_283265,3370.2
IT_283292,5806.2
IT_283304,3771.0
IT_283327,2204.2
IT_283421,1933.8
IT_283431,3826.0
IT_283495,2722.2
IT_283525,4559.0
IT_283545,4555.0
IT_283548,2467.6
IT_283579,4061.0
IT_283602,5265.2
IT_283611,1619.2
IT_283680,6594.2
IT_283686,4367.0
IT_283721,2761.0
IT_283750,3889.8
IT_283751,2781.6
IT_283798,1674.4
IT_283807,3357.4
IT_283829,3575.2
IT_283848,5438.6
IT_283863,2685.6
IT_283874,2504.4
IT_283879,3823.2
IT_283885,3531.4
IT_283903,1492.8
IT_283919,3632.8
IT_283921,1676.2
IT_283932,2310.8
IT_283937,4898.8
IT_283951,4491.8
IT_284000,2593.8
IT_284001,4866.8
IT_284006,3254.6
IT_284081,2227.2
IT_284084,2890.6
IT_284089,3580.2
IT_284145,3815.8
IT_284159,1467.8
IT_284204,1138.4
IT_284231,3390.8
IT_284271,2688.8
IT_284283,3163.0
IT_284291,3094.4
IT_284297,3557.6
IT_284301,3004.4
IT_284310,5303.0
IT_284313,2398.0
IT_284334,2600.4
IT_284350,2434.2
IT_284360,4265.6
IT_284374,4737.4
IT_284390,7332.0
IT_284400,1373.2
IT_284420,4349.6
IT_284436,2370.0
IT_284437,4128.8
IT_284449,5409.6
IT_284474,4076.8
IT_284478,2137.2
IT_284507,2633.8
IT_284508,4636.8
IT_284540,6156.4
IT_284541,7310.0
IT_284555,3174.4
IT_284557,1230.0
IT_284566,6496.4
IT_284578,3963.8
IT_284612,3313.0
IT_284637,2398.6
IT_284649,3233.8
IT_284664,2492.2
IT_284665,2696.2
IT_284669,5655.0
IT_284675,5366.0
IT_284719,3320.6
IT_284723,1988.2
IT_284758,3931.8
IT_284791,5802.4
IT_284807,2919.0
IT_284808,2093.2
IT_284809,1202.4
IT_284830,2310.8
IT_284831,6017.6
IT_284863,3786.6
IT_284884,2920.0
IT_284944,1901.4
IT_284965,3990.8
IT_284968,2434.2
IT_284981,2720.6
IT_284998,5936.2
IT_285029,6987.4
IT_285048,2071.8
IT_285049,1869.4
IT_285069,2365.8
IT_285070,5057.2
IT_285099,4382.0
IT_285145,3844.4
IT_285147,5041.8
IT_285151,3579.8
IT_285156,5267.6
IT_285169,3233.8
IT_285178,3129.4
IT_285195,1182.6
IT_285240,1984.8
IT_285242,4237.8
IT_285255,6237.4
IT_285343,3707.4
IT_285372,2122.0
IT_285388,5211.8
IT_285392,3925.0
IT_285446,4883.4
IT_285480,3106.2
IT_285537,2574.6
IT_285538,4730.4
IT_285542,5259.6
IT_285568,4012.4
IT_285608,2387.2
IT_285619,2823.4
IT_285624,4328.8
IT_285628,5792.8
IT_285645,3220.6
IT_285653,2565.0
IT_285660,4348.8
IT_285800,3028.4
IT_285840,3233.2
IT_285848,2842.8
IT_285849,5643.4
IT_285863,4237.4
IT_285877,3587.0
IT_285953,2964.4
IT_285954,5284.2
IT_285957,5492.4
IT_285961,4866.4
IT_285971,1567.0
IT_285985,4367.4
IT_285998,2969.0
IT_286018,2646.8
IT_286086,3357.8
IT_286108,4012.4
IT_286156,5712.0
IT_286160,3099.8
IT_286184,3958.8
IT_286190,2295.8
IT_286217,2019.2
IT_286231,5882.2
IT_286244,1652.4
IT_286270,7143.4
IT_286274,3564.8
IT_286320,3477.2
IT_286344,4125.8
IT_286386,3131.4
IT_286443,4333.6
IT_286495,6962.4
IT_286529,2818.8
IT_286558,4125.8
IT_286602,2520.4
IT_286605,2685.6
IT_286625,3098.8
IT_286632,4443.8
IT_286645,2117.4
IT_286660,1891.8
IT_286695,4097.6
IT_286696,5363.6
IT_286736,3127.8
IT_286757,4354.2
IT_286774,2482.0
IT_286799,3864.0
IT_286822,3696.0
IT_286840,4333.8
IT_286843,2484.4
IT_286915,1112.6
IT_286930,2310.8
IT_286939,3594.8
IT_286961,3724.6
IT_287002,4902.6
IT_287005,2890.6
IT_287006,5674.4
IT_287014,2511.8
IT_287016,5816.0
IT_287026,3592.0
IT_287050,4920.2
IT_287053,2320.0
IT_287067,5395.0
IT_287135,3680.0
IT_287137,3069.4
IT_287143,2620.4
IT_287149,3192.8
IT_287177,3687.0
IT_287199,3096.2
IT_287204,6114.2
IT_287208,5224.0
IT_287210,2598.2
IT_287218,3931.0
IT_287221,5398.8
IT_287249,1828.6
IT_287296,3505.6
IT_287309,2121.0
IT_287327,3217.2
IT_287342,1937.4
IT_287343,6377.2
IT_287345,2900.6
IT_287348,2137.2
IT_287436,4349.6
IT_287453,1841.2
IT_287461,3442.0
IT_287464,3330.2
IT_287468,2213.6
IT_287496,2952.0
IT_287545,3142.8
IT_287591,3237.8
IT_287632,3030.0
IT_287652,3781.4
IT_287656,2372.8
IT_287681,2629.4
IT_287788,3193.6
IT_287806,2611.2
IT_287814,3922.2
IT_287853,2117.4
IT_287865,3190.4
IT_287868,1834.2
IT_287877,3347.0
IT_287895,2203.0
IT_287920,6900.2
IT_287981,3496.4
IT_287984,3831.6
IT_288002,3098.0
IT_288032,3890.0
IT_288039,4967.6
IT_288041,3769.0
IT_288057,4195.6
IT_288060,2622.8
IT_288086,3322.6
IT_288090,2065.4
IT_288118,2087.8
IT_288121,2487.0
IT_288125,4763.4
IT_288140,3478.2
IT_288169,4613.0
IT_288178,6203.8
IT_288201,3673.8
IT_288221,3064.0
IT_288243,3248.4
IT_288252,5451.6
IT_288278,2466.6
IT_288289,3632.2
IT_288292,1663.8
IT_288302,3496.0
IT_288305,2052.2
IT_288382,857.6
IT_288387,2830.6
IT_288390,2958.8
IT_288398,5715.4
IT_288404,4188.0
IT_288448,5755.4
IT_288449,2363.4
IT_288496,4204.8
IT_288499,1479.4
IT_288542,3791.6
IT_288545,3779.0
IT_288564,915.0
IT_288578,3936.6
IT_288607,3927.0
IT_288610,1873.4
IT_288637,3896.6
IT_288757,3306.8
IT_288784,5656.4
IT_288801,3931.4
IT_288808,1147.8
IT_288819,5230.6
IT_288823,1967.8
IT_288914,3722.6
IT_288940,3918.2
IT_288981,2775.6
IT_288990,2367.2
IT_288997,3164.0
IT_288999,5274.6
IT_289011,2589.0
IT_289017,1776.4
IT_289034,3442.0
IT_289038,2052.2
IT_289121,504.8
IT_289125,3723.4
IT_289129,3554.0
IT_289162,4205.8
IT_289197,2869.4
IT_289205,5451.6
IT_289215,2367.2
IT_289235,4697.6
IT_289252,5026.0
IT_289255,3770.8
IT_289348,3684.8
IT_289387,2765.6
IT_289403,2816.0
IT_289406,5049.0
IT_289408,2686.0
IT_289416,6857.2
IT_289417,6099.0
IT_289420,2261.6
IT_289456,1043.4
IT_289464,2948.0
IT_289467,2364.4
IT_289490,5173.4
IT_289493,6248.8
IT_289532,867.8
IT_289541,3275.8
IT_289594,2363.4
IT_289605,5281.4
IT_289621,4130.4
IT_289640,4000.0
IT_289643,2551.6
IT_289674,2703.6
IT_289697,7776.8
IT_289731,4071.6
IT_289738,3789.2
IT_289771,2778.0
IT_289786,5310.6
IT_289788,2972.4
IT_289795,5604.6
IT_289808,5680.4
IT_289817,2077.2
IT_289839,4265.8
IT_289842,1531.2
IT_289861,4651.4
IT_289876,3789.2
IT_289909,5892.8
IT_289924,1869.4
IT_289933,3320.6
IT_289946,3115.0
IT_289965,7379.4
IT_289987,5124.2
IT_290084,5709.2
IT_290085,2869.4
IT_290093,4902.6
IT_290097,6351.0
IT_290115,4677.8
IT_290137,3516.0
IT_290150,3823.2
IT_290232,828.8
IT_290241,3780.4
IT_290297,3518.0
IT_290306,5041.8
IT_290317,5793.0
IT_290327,4953.2
IT_290345,5638.4
IT_290352,2449.4
IT_290362,4173.6
IT_290401,4136.2
IT_290435,5462.2
IT_290439,394.2
IT_290450,4394.6
IT_290520,6226.4
IT_290524,2364.4
IT_290534,4956.6
IT_290555,3494.8
IT_290559,2140.6
IT_290587,2954.4
IT_290613,4823.6
IT_290615,3552.4
IT_290643,273.6
IT_290651,2854.0
IT_290693,3971.0
IT_290707,5926.6
IT_290714,6555.0
IT_290716,4772.0
IT_290734,1777.6
IT_290750,2948.0
IT_290778,5850.0
IT_290844,4852.6
IT_290896,2286.0
IT_290911,5660.4
IT_290921,1268.8
IT_290931,5230.6
IT_290960,3889.8
IT_291032,3594.8
IT_291046,3307.0
IT_291084,4854.4
IT_291092,3889.2
IT_291132,2920.0
IT_291156,4355.0
IT_291166,2985.6
IT_291195,5305.2
IT_291207,5716.4
IT_291224,3472.8
IT_291241,2924.4
IT_291256,4991.0
IT_291305,955.8
IT_291306,2393.4
IT_291368,3095.4
IT_291401,4564.0
IT_291405,3116.8
IT_291433,2957.8
IT_291442,2970.2
IT_291443,2761.4
IT_291464,5704.8
IT_291513,1565.4
IT_291537,4875.2
IT_291540,3824.4
IT_291561,4851.8
IT_291565,3248.4
IT_291596,4531.2
IT_291620,4891.0
IT_291650,4607.8
IT_291697,7515.2
IT_291707,2178.4
IT_291708,4656.4
IT_291716,3200.8
IT_291786,5345.4
IT_291815,2994.2
IT_291837,2019.2
IT_291863,3942.8
IT_291883,4505.4
IT_291920,5090.8
IT_291947,3391.0
IT_291969,3363.0
IT_291975,2591.6
IT_291995,2880.6
IT_291997,5056.8
IT_292098,465.8
IT_292103,3780.2
IT_292107,3563.2
IT_292151,3041.4
IT_292163,5564.4
IT_292215,2320.0
IT_292221,5552.6
IT_292315,2964.4
IT_292337,3915.2
IT_292353,4573.8
IT_292356,1408.2
IT_292390,5884.8
IT_292396,5202.8
IT_292408,2183.4
IT_292428,4159.0
IT_292440,2836.0
IT_292444,2320.0
IT_292467,2855.2
IT_292470,5061.6
IT_292486,7930.0
IT_292558,5437.0
IT_292573,6183.4
IT_292605,4305.6
IT_292610,4137.0
IT_292616,2571.2
IT_292684,6612.8
IT_292715,482.8
IT_292716,3142.8
IT_292724,3709.8
IT_292769,2972.4
IT_292778,2286.0
IT_292781,5771.6
IT_292818,3357.8
IT_292831,5532.8
IT_292846,4446.4
IT_292951,4466.6
IT_292954,2972.4
IT_293013,4263.6
IT_293043,4732.8
IT_293078,663.2
IT_293079,3410.0
IT_293085,3674.8
IT_293121,3813.6
IT_293128,3049.2
IT_293135,4567.6
IT_293151,2816.0
IT_293160,3746.2
IT_293166,1561.8
IT_293184,5241.4
IT_293197,3596.2
IT_293266,927.4
IT_293267,4109.6
IT_293276,4476.6
IT_293322,6247.8
IT_293333,5792.2
IT_293336,5837.8
IT_293341,5681.8
IT_293376,4181.8
IT_293403,7010.0
IT_293453,4109.6
IT_293460,3998.2
IT_293501,3418.4
IT_293505,2478.2
IT_293527,3471.2
IT_293549,4840.8
IT_293579,5667.2
IT_293622,6346.2
IT_293629,6078.8
IT_293657,5135.0
IT_293669,2489.4
IT_293786,2471.0
IT_293794,2686.0
IT_293799,2624.0
IT_293801,5466.0
IT_293831,1438.4
IT_293850,3796.4
IT_293887,11323.2
IT_293933,4027.6
IT_293942,3275.8
IT_293945,3156.6
IT_294008,3663.4
IT_294024,4578.6
IT_294041,4373.8
IT_294057,1904.6
IT_294126,5103.8
IT_294133,4587.6
IT_294148,3831.6
IT_294178,3418.4
IT_294208,3550.2
IT_294273,5165.0
IT_294305,430.4
IT_294306,933.8
IT_294308,4315.6
IT_294313,4702.2
IT_294358,2592.8
IT_294366,5620.8
IT_294372,4089.6
IT_294382,2700.4
IT_294384,3883.0
IT_294388,4892.4
IT_294408,6804.6
IT_294428,3823.4
IT_294431,6476.6
IT_294490,4255.4
IT_294496,3317.4
IT_294542,2424.4
IT_294548,4945.2
IT_294554,3120.0
IT_294566,2370.8
IT_294626,5498.0
IT_294653,651.4
IT_294654,3834.0
IT_294655,6111.4
IT_294704,5331.2
IT_294782,3127.8
IT_294787,7471.8
IT_294797,2077.2
IT_294804,2478.2
IT_294825,7399.0
IT_294854,8055.2
IT_294870,7310.0
IT_294886,571.0
IT_294889,4891.0
IT_294916,3292.8
IT_294929,3633.2
IT_294936,5822.4
IT_294937,2503.6
IT_294945,5305.2
IT_294987,5551.0
IT_295007,3589.6
IT_295027,5536.2
IT_295050,4889.8
IT_295051,5795.6
IT_295072,663.2
IT_295073,4027.6
IT_295080,3208.0
IT_295095,3969.6
IT_295103,4452.6
IT_295121,3158.6
IT_295130,5041.6
IT_295134,5685.6
IT_295207,11323.2
IT_295250,927.4
IT_295251,3913.2
IT_295257,6319.4
IT_295296,3095.4
IT_295303,4817.2
IT_295308,6564.0
IT_295313,3691.8
IT_295322,3641.8
IT_295327,3440.4
IT_295389,2700.4
IT_295393,8230.2
IT_295395,5587.0
IT_295396,6529.4
IT_295423,4447.4
IT_295466,2183.4
IT_295479,6455.8
IT_295482,2405.0
IT_295483,2748.2
IT_295536,6451.4
IT_295595,717.0
IT_295597,4822.6
IT_295637,3056.2
IT_295648,2789.6
IT_295654,6578.6
IT_295666,4267.4
IT_295713,3392.0
IT_295751,5040.0
IT_295752,3699.0
IT_295768,4581.4
IT_295783,3595.0
IT_295810,1699.6
IT_295815,2282.6
IT_295880,3330.6
IT_295903,7254.0
IT_295919,6265.6
IT_295920,6379.0
IT_295967,3772.4
IT_295968,5319.0
IT_295983,4854.8
IT_295992,8958.8
IT_296004,8958.6
IT_296043,2183.4
IT_296050,3500.6
IT_296057,6149.8
IT_296060,4452.8
IT_296196,2592.8
IT_296202,1812.6
IT_296225,5835.2
IT_296270,6127.6
IT_296275,5369.8
IT_296294,1760.0
IT_296301,5255.0
IT_296329,2709.6
IT_296366,5117.2
IT_296381,5007.6
IT_296392,6109.4
IT_296431,4636.8
IT_296432,8230.2
IT_296453,8716.6
IT_296460,5271.8
IT_296467,6107.2
IT_296474,3368.0
IT_296476,5748.0
IT_296484,4923.4
IT_296499,5853.6
IT_296538,6646.4
IT_296585,570.2
IT_296590,4174.0
IT_296607,7124.0
IT_296613,3143.6
IT_296628,3268.0
IT_296630,4027.6
IT_296633,2767.8
IT_296638,2286.0
IT_296647,2880.6
IT_296649,5098.2
IT_296651,3150.0
IT_296654,3070.0
IT_296662,6212.2
IT_296729,1269.0
IT_296731,3782.2
IT_296735,4400.2
IT_296758,3506.6
IT_296764,4854.4
IT_296767,2503.6
IT_296770,3476.6
IT_296781,5473.0
IT_296807,4370.2
IT_296809,4150.6
IT_296820,6255.0
IT_296827,2451.2
IT_296855,7962.0
IT_296886,4773.0
IT_296889,1782.6
IT_296892,6644.0
IT_296919,5006.0
IT_296927,4854.4
IT_296932,4698.4
IT_296944,2987.6
IT_296949,5549.4
IT_297031,2854.0
IT_297034,2708.8
IT_297036,4697.6
IT_297046,2532.2
IT_297127,5845.2
IT_297134,4341.4
IT_297152,7497.8
IT_297171,4893.0
IT_297177,5631.2
IT_297193,2855.2
IT_297197,3576.6
IT_297215,5084.0
IT_297227,5239.0
IT_297264,5073.4
IT_297279,4257.0
IT_297282,3913.4
IT_297284,7384.6
IT_297311,3170.2
IT_297361,4550.6
IT_297403,4266.6
IT_297439,6566.2
IT_297449,6168.2
IT_297452,4385.8
IT_297454,4245.0
IT_297477,5045.2
IT_297488,5301.0
IT_297489,4257.0
IT_297492,5941.0
IT_297493,2592.8
IT_297501,4380.0
IT_297505,6609.0
IT_297508,5073.4
IT_297556,3032.4
IT_297591,4215.4
IT_297610,7216.6
IT_297614,3752.4
IT_297629,5624.2
IT_297640,3462.0
IT_297643,6090.4
IT_297645,5434.2
IT_297646,1867.6
IT_297661,3257.6
IT_297678,4967.6
IT_297687,5809.8
IT_297690,3811.0
IT_297753,6180.4
IT_297781,3728.6
IT_297795,6009.6
IT_297821,7701.2
IT_297824,1526.4
IT_297825,3516.0
IT_297828,6513.8
IT_297869,2611.2
IT_297880,6925.2
IT_297894,2332.0
IT_297918,3893.2
IT_297924,9509.6
IT_297929,2901.6
IT_297973,6375.4
IT_297982,4309.0
IT_297993,7254.0
IT_298010,2398.2
IT_298014,6308.4
IT_298015,2756.8
IT_298023,3217.2
IT_298028,5771.6
IT_298044,5269.4
IT_298059,5473.0
IT_298064,3860.0
IT_298090,4826.8
IT_298095,10537.4
IT_298106,4718.8
IT_298171,2656.8
IT_298182,6022.6
IT_298199,2398.2
IT_298254,4602.0
IT_298321,8639.8
IT_298342,6387.8
IT_298348,3163.8
IT_298366,3383.6
IT_298368,3242.8
IT_298371,5173.6
IT_298454,8323.4
IT_298474,7400.6
IT_298577,8501.2
IT_298610,11210.0
IT_298617,6637.0
IT_298623,3542.6
IT_298628,5772.6
IT_298629,3462.0
IT_298640,5897.6
IT_298650,2647.2
IT_298671,3711.4
IT_298725,3672.8
IT_298732,3983.4
IT_298734,6107.0
IT_298739,6546.0
IT_298785,7003.8
IT_298819,3663.0
IT_298821,6644.0
IT_298843,3757.6
IT_298880,6353.8
IT_298883,3772.4
IT_298887,5619.0
IT_298894,3984.2
IT_298899,5256.4
IT_298929,5689.6
IT_298941,4932.4
IT_299009,3422.4
IT_299036,5133.4
IT_299046,5084.0
IT_299085,5418.4
IT_299099,7956.0
IT_299110,748.6
IT_299111,3993.0
IT_299118,6619.2
IT_299153,3387.6
IT_299158,2895.0
IT_299169,2938.8
IT_299205,3476.2
IT_299246,5861.2
IT_299247,6202.6
IT_299270,940.6
IT_299304,5478.6
IT_299314,2516.4
IT_299316,2897.6
IT_299330,2700.4
IT_299354,4319.6
IT_299371,2758.2
IT_299383,7086.2
IT_299399,7158.6
IT_299417,5385.4
IT_299421,3672.6
IT_299455,5014.0
IT_299457,2700.4
IT_299473,2671.6
IT_299483,3771.2
IT_299491,4534.0
IT_299494,4438.6
IT_299546,4458.6
IT_299573,7210.2
IT_299576,4707.4
IT_299589,1215.6
IT_299593,5274.2
IT_299606,2856.4
IT_299617,5084.0
IT_299629,6951.0
IT_299632,5034.4
IT_299642,6283.0
IT_299650,2899.8
IT_299664,6274.6
IT_299689,3938.2
IT_299692,3653.8
IT_299698,10518.0
IT_299708,2901.4
IT_299722,2700.4
IT_299726,7185.6
IT_299731,4573.8
IT_299769,6043.6
IT_299780,5584.4
IT_299792,664.8
IT_299793,4398.2
IT_299796,5122.0
IT_299797,6815.2
IT_299840,1895.0
IT_299848,4698.6
IT_299859,6356.6
IT_299865,3961.0
IT_299869,3952.2
IT_299872,4965.6
IT_299877,6453.4
IT_299889,6076.0
IT_299910,8944.0
IT_299951,4714.2
IT_299991,2738.0
IT_299993,4112.0
IT_299995,3830.6
IT_299997,2401.4
IT_300004,4822.6
IT_300011,3823.2
IT_300018,4482.6
IT_300022,3233.8
IT_300048,4698.6
IT_300059,3439.8
IT_300068,11323.2
IT_300100,4831.2
IT_300108,5791.8
IT_300125,9151.6
IT_300147,5934.6
IT_300148,2530.0
IT_300158,6022.6
IT_300162,3697.2
IT_300171,2647.0
IT_300224,11323.2
IT_300261,4128.2
IT_300263,9144.4
IT_300305,2478.2
IT_300311,4159.0
IT_300338,5670.2
IT_300360,9031.0
IT_300388,6452.6
IT_300389,9676.2
IT_300401,6797.4
IT_300410,2856.8
IT_300411,6017.6
IT_300426,3831.6
IT_300430,11380.8
IT_300458,4772.6
IT_300466,3032.4
IT_300473,4707.8
IT_300478,2471.0
IT_300484,4896.2
IT_300551,3848.4
IT_300571,7468.2
IT_300581,2407.4
IT_300585,2663.6
IT_300592,5875.8
IT_300602,3823.8
IT_300617,4965.6
IT_300622,6471.6
IT_300690,11323.2
IT_300705,7598.2
IT_300716,4529.8
IT_300731,5179.4
IT_300732,8230.2
IT_300755,9030.2
IT_300776,4082.2
IT_300784,2854.0
IT_300806,5286.8
IT_300849,11323.2
IT_300853,9509.6
IT_300866,4963.6
IT_300890,4698.6
IT_300895,4529.8
IT_300910,7693.6
IT_300930,3672.8
IT_300942,6789.0
IT_300948,2613.8
IT_300968,3736.2
IT_301016,7836.4
IT_301018,6312.8
IT_301044,5149.2
IT_301078,1928.4
IT_301083,4393.2
IT_301097,3731.0
IT_301099,3490.0
IT_301108,4239.2
IT_301113,4685.0
IT_301188,6560.0
IT_301191,2883.8
IT_301193,7102.4
IT_301198,3971.4
IT_301235,3772.4
IT_301242,4697.0
IT_301246,7283.6
IT_301249,6811.2
IT_301253,6282.0
IT_301267,5112.4
IT_301315,5262.8
IT_301316,4823.6
IT_301339,3623.6
IT_301351,7631.4
IT_301362,3331.2
IT_301364,6542.4
IT_301367,3561.0
IT_301370,3061.6
IT_301372,5057.2
IT_301377,4446.4
IT_301379,3555.4
IT_301383,4236.0
IT_301385,2359.8
IT_301389,2855.2
IT_301406,8810.8
IT_301464,7158.6
IT_301491,5345.8
IT_301508,6007.4
IT_301510,5220.4
IT_301527,7102.0
IT_301538,9031.0
IT_301561,5021.2
IT_301566,7600.2
IT_301580,5159.4
IT_301603,4373.8
IT_301625,9031.0
IT_301627,9509.6
IT_301659,7436.6
IT_301691,6609.0
IT_301695,6053.4
IT_301697,3602.6
IT_301699,4672.6
IT_301706,4836.6
IT_301713,6477.0
IT_301716,6324.0
IT_301738,6452.4
IT_301739,5039.4
IT_301757,8585.4
IT_301772,9509.6
IT_301818,4798.0
IT_301845,5744.8
IT_301849,4720.4
IT_301852,3433.2
IT_301853,1898.6
IT_301877,2950.0
IT_301900,4891.0
IT_301976,4206.0
IT_301988,8462.4
IT_301990,3551.4
IT_302019,6265.6
IT_302023,4192.6
IT_302027,5545.6
IT_302030,3755.0
IT_302033,2622.2
IT_302038,2478.2
IT_302046,5617.8
IT_302090,4828.4
IT_302098,2117.4
IT_302117,8529.8
IT_302128,5754.0
IT_302161,8940.8
IT_302177,6994.6
IT_302186,3057.2
IT_302200,5477.0
IT_302202,3532.4
IT_302210,3053.0
IT_302217,6243.2
IT_302222,6149.0
IT_302253,8065.6
IT_302288,8976.0
IT_302290,8115.6
IT_302298,3484.2
IT_302305,5040.0
IT_302321,8632.8
IT_302324,6161.0
IT_302343,5006.0
IT_302345,3685.0
IT_302353,5317.8
IT_302356,4701.0
IT_302358,6266.8
IT_302365,3490.0
IT_302367,6611.0
IT_302418,9861.6
IT_302440,5131.0
IT_302442,4382.6
IT_302445,973.6
IT_302447,4426.4
IT_302454,4766.8
IT_302459,11323.2
IT_302469,8968.2
IT_302482,3977.0
IT_302486,2802.0
IT_302498,7114.4
IT_302501,7312.6
IT_302526,6702.6
IT_302529,6037.6
IT_302556,5961.2
IT_302557,4410.8
IT_302561,13024.2
IT_302564,6285.2
IT_302583,6179.0
IT_302605,5910.8
IT_302624,4539.6
IT_302654,5057.2
IT_302658,4549.2
IT_302674,9144.4
IT_302679,6347.8
IT_302695,1898.6
IT_302703,5317.8
IT_302711,4446.4
IT_302728,5816.8
IT_302781,6131.2
IT_302808,4818.0
IT_302848,1928.4
IT_302861,5545.2
IT_302866,6976.0
IT_302869,3870.6
IT_302880,5389.0
IT_302897,7938.4
IT_302935,7263.2
IT_302940,8972.0
IT_302953,3977.0
IT_302959,5898.4
IT_302965,4713.8
IT_302979,10245.2
IT_303004,2329.0
IT_303011,5396.8
IT_303015,3160.8
IT_303016,7276.4
IT_303019,4523.4
IT_303034,4047.2
IT_303052,7631.4
IT_303056,4811.8
IT_303062,9031.0
IT_303113,6372.8
IT_303119,7269.6
IT_303136,9461.2
IT_303158,2901.4
IT_303169,4895.0
IT_303220,4899.4
IT_303260,1118.8
IT_303281,9509.6
IT_303298,3355.6
IT_303303,2280.0
IT_303317,6657.4
IT_303320,4570.0
IT_303333,3819.8
IT_303357,6845.2
IT_303361,6106.4
IT_303378,11323.2
IT_303393,9076.0
IT_303408,1782.6
IT_303427,10903.8
IT_303441,4605.0
IT_303445,3687.6
IT_303452,7519.0
IT_303458,2753.4
IT_303460,6446.0
IT_303463,5210.6
IT_303464,7065.4
IT_303465,3464.0
IT_303467,3306.8
IT_303469,1994.2
IT_303481,6962.8
IT_303516,5195.4
IT_303525,6374.6
IT_303543,5076.6
IT_303558,5596.0
IT_303563,4623.4
IT_303585,11323.2
IT_303618,11746.6
IT_303622,2259.2
IT_303627,5210.0
IT_303635,6221.8
IT_303663,4944.0
IT_303665,3685.0
IT_303672,3633.2
IT_303678,2647.2
IT_303679,5665.4
IT_303682,5481.0
IT_303686,6507.0
IT_303710,6613.6
IT_303721,6015.0
IT_303743,11323.2
IT_303794,10489.4
IT_303818,5062.0
IT_303836,4194.8
IT_303837,3685.0
IT_303841,2677.2
IT_303865,6319.2
IT_303868,3934.2
IT_303886,3452.2
IT_303892,9031.0
IT_303911,11323.2
IT_303914,8198.0
IT_303928,7734.0
IT_303943,8915.4
IT_303948,9570.6
IT_303959,8944.0
IT_303976,3915.0
IT_303994,3032.6
IT_303999,3819.8
IT_304004,5916.4
IT_304009,5707.6
IT_304040,7111.0
IT_304057,4508.6
IT_304067,10961.8
IT_304072,11746.6
IT_304085,8375.4
IT_304108,788.8
IT_304115,7015.6
IT_304134,7641.6
IT_304147,6772.4
IT_304157,4489.2
IT_304169,6334.2
IT_304176,8012.2
IT_304179,6863.6
IT_304208,4835.4
IT_304230,3772.4
IT_304288,7822.8
IT_304301,6654.4
IT_304308,5057.2
IT_304310,7206.4
IT_304311,2280.0
IT_304325,5994.8
IT_304328,2503.6
IT_304330,6137.6
IT_304338,2332.0
IT_304342,5773.4
IT_304353,11323.2
IT_304361,5779.0
IT_304391,11323.2
IT_304423,1647.8
IT_304425,3950.4
IT_304439,4586.2
IT_304443,10694.8
IT_304454,6661.0
IT_304459,5075.8
IT_304463,2738.0
IT_304476,6907.4
IT_304479,4916.4
IT_304496,4972.4
IT_304512,3255.2
IT_304529,11323.2
IT_304540,4684.2
IT_304554,5808.0
IT_304597,9861.6
IT_304623,9594.8
IT_304649,9861.6
IT_304670,1898.6
IT_304677,4822.6
IT_304685,6149.8
IT_304689,7065.8
IT_304715,9639.4
IT_304718,6447.0
IT_304787,5326.4
IT_304788,4997.4
IT_304789,6331.8
IT_304794,4492.8
IT_304820,5732.8
IT_304827,6659.0
IT_304828,2209.8
IT_304835,4842.2
IT_304842,5418.4
IT_304859,5818.6
IT_304869,6987.4
IT_304899,11323.2
IT_304904,6441.4
IT_304930,7239.0
IT_304933,1444.0
IT_304935,8635.8
IT_304946,6566.2
IT_304955,8968.2
IT_304976,2405.0
IT_304981,4002.2
IT_304982,4924.6
IT_304990,2761.4
IT_305005,5471.6
IT_305040,11323.2
IT_305062,9676.2
IT_305063,9031.0
IT_305095,6579.4
IT_305101,4002.2
IT_305107,6397.2
IT_305110,5994.8
IT_305112,3677.2
IT_305160,11323.2
IT_305189,6217.0
IT_305190,9570.6
IT_305194,6396.4
IT_305207,8334.4
IT_305211,9317.8
IT_305242,3969.8
IT_305244,6761.2
IT_305247,6315.2
IT_305252,3035.6
IT_305269,7708.6
IT_305309,7699.4
IT_305328,4546.8
IT_305331,4702.2
IT_305341,9509.6
IT_305355,6659.0
IT_305359,7850.4
IT_305360,5434.0
IT_305368,7460.4
IT_305391,4676.6
IT_305439,8456.0
IT_305471,5206.2
IT_305476,8065.6
IT_305479,6278.0
IT_305498,11323.2
IT_305535,7417.8
IT_305554,6962.8
IT_305569,5853.0
IT_305594,5107.2
IT_305602,3502.0
IT_305610,5936.4
IT_305624,9155.2
IT_305690,4787.2
IT_305708,7453.6
IT_305727,5554.4
IT_305743,2761.4
IT_305758,5855.0
IT_305770,9569.2
IT_305775,7259.4
IT_305796,8501.2
IT_305808,10961.8
IT_305825,7956.0
IT_305830,4676.6
IT_305832,5961.2
IT_305835,5534.4
IT_305849,8198.0
IT_305853,9083.4
IT_305873,2358.4
IT_305881,5470.0
IT_305892,2761.4
IT_305914,8133.8
IT_305945,9861.6
IT_305977,3933.4
IT_305980,6701.8
IT_305985,4070.6
IT_305992,7614.2
IT_306002,9721.6
IT_306019,4489.2
IT_306027,5578.4
IT_306040,3124.0
IT_306041,6883.8
IT_306045,5670.2
IT_306057,3819.8
IT_306062,5612.6
IT_306065,4275.2
IT_306127,4930.8
IT_306134,11008.4
IT_306178,3819.8
IT_306256,7564.4
IT_306259,5182.4
IT_306264,4070.4
IT_306276,7600.2
IT_306292,5692.2
IT_306293,3819.4
IT_306302,5658.4
IT_306312,5371.4
IT_306315,5636.8
IT_306340,7397.2
IT_306373,6938.6
IT_306375,8198.0
IT_306392,5470.0
IT_306395,7127.4
IT_306412,3146.4
IT_306421,9708.2
IT_306440,7772.0
IT_306451,8456.0
IT_306467,2956.2
IT_306469,5652.0
IT_306490,9297.4
IT_306492,2659.4
IT_306510,4942.2
IT_306540,3813.6
IT_306547,5834.8
IT_306553,4325.0
IT_306560,6644.0
IT_306564,5952.6
IT_306613,13027.2
IT_306617,4726.4
IT_306618,7269.6
IT_306651,6551.8
IT_306654,6308.0
IT_306658,5295.8
IT_306659,4094.6
IT_306676,4309.0
IT_306702,3877.6
IT_306709,6633.0
IT_306714,8297.8
IT_306772,6076.2
IT_306773,8283.6
IT_306777,11814.6
IT_306785,11323.2
IT_306794,6635.0
IT_306814,3800.6
IT_306819,2986.4
IT_306831,3976.8
IT_306852,4517.4
IT_306857,2495.2
IT_306921,6667.8
IT_306936,6285.2
IT_306957,5760.2
IT_306978,5689.6
IT_306996,6601.0
IT_307004,3185.8
IT_307064,6397.2
IT_307065,7358.6
IT_307066,7290.8
IT_307081,11746.6
IT_307099,7502.8
IT_307104,6380.8
IT_307114,6553.4
IT_307117,4863.2
IT_307144,5647.6
IT_307150,7742.8
IT_307153,2338.2
IT_307164,7721.8
IT_307168,4333.6
IT_307228,11814.6
IT_307244,2528.4
IT_307250,1928.4
IT_307259,6099.0
IT_307265,6596.0
IT_307330,9729.6
IT_307358,3304.0
IT_307360,5852.2
IT_307379,9107.8
IT_307395,8214.8
IT_307434,8958.8
IT_307452,5299.0
IT_307478,4062.8
IT_307479,2391.6
IT_307493,5545.6
IT_307502,3053.0
IT_307517,7269.4
IT_307528,7273.6
IT_307554,6138.6
IT_307578,5801.2
IT_307584,9289.8
IT_307610,4443.2
IT_307611,6162.2
IT_307618,6203.8
IT_307665,5301.6
IT_307714,10903.8
IT_307721,4752.6
IT_307727,9861.6
IT_307732,9861.6
IT_307737,6011.2
IT_307752,6308.0
IT_307754,4054.8
IT_307755,3905.2
IT_307773,5119.0
IT_307785,3499.6
IT_307798,4161.6
IT_307850,10903.8
IT_307851,8547.4
IT_307856,7239.0
IT_307858,8972.0
IT_307859,7124.0
IT_307870,6968.6
IT_307874,9344.8
IT_307895,7246.0
IT_307897,6560.0
IT_307898,4363.6
IT_307906,5415.8
IT_307920,7420.2
IT_307941,5304.8
IT_308011,6566.2
IT_308017,5960.4
IT_308033,4763.8
IT_308040,5113.6
IT_308047,2925.2
IT_308059,2761.4
IT_308061,3852.0
IT_308063,6596.0
IT_308070,2884.4
IT_308082,5231.2
IT_308120,4831.2
IT_308146,3462.0
IT_308157,7952.6
IT_308159,3402.0
IT_308165,7938.4
IT_308166,5952.6
IT_308185,5697.8
IT_308198,10537.4
IT_308211,9220.0
IT_308233,6667.8
IT_308252,4303.2
IT_308253,6065.6
IT_308267,6649.6
IT_308270,6025.0
IT_308273,6596.0
IT_308280,3827.8
IT_308346,9509.6
IT_308355,6854.4
IT_308380,5292.4
IT_308384,3934.2
IT_308395,4935.8
IT_308399,6163.4
IT_308412,2478.2
IT_308417,5003.0
IT_308424,5880.0
IT_308433,6675.4
IT_308442,6732.2
IT_308473,12773.2
IT_308479,5950.8
IT_308498,8033.4
IT_308509,4805.8
IT_308515,6458.6
IT_308516,4092.0
IT_308528,2986.4
IT_308533,3949.4
IT_308544,3957.2
IT_308552,5608.0
IT_308555,6602.0
IT_308559,4436.8
IT_308603,10537.4
IT_308619,6328.6
IT_308622,5891.8
IT_308637,6928.6
IT_308651,6375.4
IT_308658,1977.6
IT_308671,3687.6
IT_308677,6763.8
IT_308679,3977.0
IT_308680,6928.8
IT_308693,5603.4
IT_308698,7066.4
IT_308701,3249.2
IT_308724,5039.2
IT_308755,7886.8
IT_308759,8323.4
IT_308760,7926.6
IT_308777,8214.8
IT_308801,5710.8
IT_308802,4636.8
IT_308808,4219.8
IT_308812,4103.2
IT_308816,7233.6
IT_308820,5637.8
IT_308823,3502.4
IT_308841,6450.8
IT_308843,4414.2
IT_308890,9031.0
IT_308897,6969.4
IT_308904,8283.6
IT_308921,9509.6
IT_308933,3250.0
IT_308939,5709.6
IT_308956,5470.0
IT_308963,4924.8
IT_308999,6719.0
IT_309012,6226.8
IT_309014,3616.0
IT_309016,8019.2
IT_309039,8792.4
IT_309073,8889.2
IT_309078,9717.8
IT_309106,4084.4
IT_309120,6399.8
IT_309124,9053.8
IT_309128,6428.2
IT_309183,11323.2
IT_309189,10694.8
IT_309204,4257.0
IT_309205,5554.4
IT_309209,7246.0
IT_309212,6105.2
IT_309218,6012.6
IT_309244,4888.4
IT_309298,11323.2
IT_309313,10031.2
IT_309317,6289.0
IT_309336,4094.6
IT_309354,5637.8
IT_309374,5724.2
IT_309393,7376.8
IT_309433,7111.0
IT_309437,10903.8
IT_309445,8501.2
IT_309460,5736.4
IT_309468,4476.0
IT_309477,4836.6
IT_309490,3124.0
IT_309522,11814.6
IT_309559,9570.6
IT_309573,8976.0
IT_309614,3934.2
IT_309631,6207.4
IT_309644,3819.8
IT_309667,9864.6
IT_309676,3674.6
IT_309697,8304.4
IT_309709,2857.8
IT_309720,8944.0
IT_309746,3830.6
IT_309754,3476.2
IT_309757,5007.0
IT_309760,6507.0
IT_309765,3607.8
IT_309767,3057.4
IT_309782,5294.0
IT_309821,10903.8
IT_309824,6566.2
IT_309848,2789.6
IT_309850,8157.6
IT_309870,8585.4
IT_309892,12281.4
IT_309914,9861.6
IT_309945,4817.4
IT_309948,6391.6
IT_309969,4061.0
IT_309977,7238.8
IT_309986,5157.0
IT_309995,8701.0
IT_310000,9155.2
IT_310003,11323.2
IT_310026,11814.6
IT_310045,8944.0
IT_310051,6566.2
IT_310065,4908.0
IT_310076,3394.8
IT_310083,5987.4
IT_310086,8019.2
IT_310093,2700.8
IT_310103,5182.4
IT_310119,7549.8
IT_310149,11786.6
IT_310167,8585.4
IT_310185,4446.4
IT_310190,3357.2
IT_310218,4217.6
IT_310223,6133.0
IT_310256,9097.2
IT_310276,8585.4
IT_310286,11323.2
IT_310307,6141.6
IT_310316,3616.0
IT_310337,7736.4
IT_310343,9570.6
IT_310376,6968.6
IT_310383,2809.4
IT_310384,6584.4
IT_310389,9317.8
IT_310414,7491.2
IT_310415,4636.8
IT_310427,4217.6
IT_310443,7540.8
IT_310447,4534.8
IT_310459,8569.0
IT_310476,6127.6
IT_310485,11549.8
IT_310501,6633.0
IT_310502,5902.2
IT_310503,8297.8
IT_310506,10537.4
IT_310530,7143.0
IT_310531,4466.4
IT_310536,3292.0
IT_310560,2789.6
IT_310566,5504.4
IT_310576,7124.0
IT_310600,4960.6
IT_310608,11323.2
IT_310612,5046.0
IT_310661,8716.6
IT_310665,8095.2
IT_310670,10903.8
IT_310696,6584.0
IT_310721,6941.2
IT_310732,9570.6
IT_310741,6165.0
IT_310764,7631.4
IT_310775,10482.0
IT_310795,4515.0
IT_310796,3800.6
IT_310812,2986.4
IT_310814,7233.6
IT_310828,4766.8
IT_310831,5236.0
IT_310862,11323.2
IT_310872,6566.2
IT_310884,7269.6
IT_310885,8214.8
IT_310886,6375.0
IT_310892,8944.0
IT_310894,6513.8
IT_310917,6613.6
IT_310918,4916.4
IT_310932,7680.6
IT_310946,4534.8
IT_310950,7119.2
IT_310953,4465.6
IT_310997,11323.2
IT_310999,11323.2
IT_311011,4896.8
IT_311014,12281.4
IT_311035,6411.4
IT_311036,3945.8
IT_311071,7856.2
IT_311109,6229.8
IT_311110,11323.2
IT_311111,7896.2
IT_311115,11323.2
IT_311116,9545.8
IT_311136,4959.6
IT_311144,6137.6
IT_311157,7428.2
IT_311170,6024.2
IT_311205,8944.0
IT_311206,11323.2
IT_311215,11572.2
IT_311234,6633.0
IT_311237,8958.8
IT_311243,4304.8
IT_311252,4466.4
IT_311273,4159.0
IT_311290,3959.0
IT_311326,8334.4
IT_311333,5256.2
IT_311345,6412.4
IT_311358,4609.6
IT_311374,6937.6
IT_311385,9509.6
IT_311399,8023.2
IT_311401,5950.8
IT_311402,10546.6
IT_311409,11323.2
IT_311430,4183.6
IT_311439,5782.0
IT_311507,11323.2
IT_311518,9594.8
IT_311524,9509.6
IT_311536,6328.8
IT_311573,3061.6
IT_311609,5307.4
IT_311640,7263.2
IT_311652,8198.0
IT_311666,5082.4
IT_311667,8157.6
IT_311704,6612.8
IT_311707,3297.0
IT_311709,6165.0
IT_311719,5950.8
IT_311725,7732.2
IT_311740,11323.2
IT_311751,6131.2
IT_311752,11323.2
IT_311763,9509.6
IT_311805,6630.2
IT_311817,8334.4
IT_311841,11323.2
IT_311857,8214.8
IT_311866,8334.4
IT_311896,3824.0
IT_311904,6507.0
IT_311910,5458.4
IT_311928,4494.8
IT_311929,6524.8
IT_311965,9693.6
IT_311968,2915.8
IT_311977,11323.2
IT_312004,5631.2
IT_312010,7233.6
IT_312016,3389.2
IT_312018,7551.8
IT_312031,5744.0
IT_312044,10489.4
IT_312060,12281.4
IT_312063,12281.4
IT_312082,6775.0
IT_312097,5987.4
IT_312131,11323.2
IT_312139,4094.6
IT_312159,8265.6
IT_312170,5704.8
IT_312180,7009.8
IT_312184,3994.8
IT_312201,5178.6
IT_312229,5201.4
IT_312247,8501.2
IT_312264,6817.4
IT_312265,3357.8
IT_312274,8383.4
IT_312283,8528.4
IT_312297,3870.6
IT_312334,9861.6
IT_312350,4942.2
IT_312387,9097.2
IT_312423,4711.8
IT_312434,7558.6
IT_312439,7342.8
IT_312443,4928.8
IT_312449,5778.6
IT_312465,7952.8
IT_312468,11323.2
IT_312473,8746.2
IT_312479,6566.2
IT_312504,8585.4
IT_312510,6513.8
IT_312532,4636.8
IT_312554,4878.8
IT_312556,7432.0
IT_312585,11323.2
IT_312621,8198.0
IT_312623,9047.0
IT_312624,8198.0
IT_312628,6484.0
IT_312631,8944.0
IT_312641,7381.2
IT_312674,7778.8
IT_312695,4546.8
IT_312711,11323.2
IT_312712,11746.6
IT_312721,3931.8
IT_312758,9509.6
IT_312802,6221.8
IT_312805,7742.8
IT_312809,7021.8
IT_312815,3407.8
IT_312820,6662.6
IT_312835,8141.0
IT_312841,8370.8
IT_312851,4161.6
IT_312854,5838.4
IT_312865,6123.2
IT_312897,9509.6
IT_312903,8214.8
IT_312946,4436.8
IT_312952,6451.4
IT_312965,7636.2
IT_312970,5775.6
IT_312991,8618.0
IT_312994,5640.4
IT_312995,8456.0
IT_312997,8585.4
IT_313002,6566.2
IT_313004,11323.2
IT_313045,7614.2
IT_313054,5812.6
IT_313064,8501.2
IT_313071,6997.2
IT_313117,6548.4
IT_313119,5500.8
IT_313124,4767.6
IT_313148,6765.8
IT_313155,7028.4
IT_313161,4681.6
IT_313164,5204.4
IT_313169,9806.6
IT_313211,9721.6
IT_313219,9721.6
IT_313232,5823.8
IT_313239,5176.8
IT_313240,3078.2
IT_313248,4726.0
IT_313251,4513.2
IT_313266,7275.2
IT_313279,5162.6
IT_313297,3553.0
IT_313319,7050.0
IT_313320,11323.2
IT_313327,10537.4
IT_313338,5195.4
IT_313339,5223.0
IT_313372,1635.4
IT_313401,11323.2
IT_313403,9509.6
IT_313423,8189.4
IT_313433,3549.6
IT_313443,9031.0
IT_313468,8976.0
IT_313472,10245.2
IT_313495,4050.0
IT_313510,7342.0
IT_313525,4961.8
IT_313537,5868.2
IT_313561,12281.4
IT_313562,11323.2
IT_313577,7926.6
IT_313600,7021.8
IT_313625,6607.4
IT_313650,7376.8
IT_313680,7384.6
IT_313682,8944.0
IT_313700,7229.6
IT_313726,6179.4
IT_313730,6551.8
IT_313770,11323.2
IT_313783,2492.2
IT_313784,8501.2
IT_313804,4982.0
IT_313812,3736.8
IT_313821,6031.4
IT_313832,7209.0
IT_313853,4482.2
IT_313879,9097.2
IT_313897,6566.2
IT_313905,10961.8
IT_313929,6731.0
IT_313952,5927.6
IT_313969,11323.2
IT_314000,9594.8
IT_314016,8157.6
IT_314022,3554.2
IT_314029,7496.4
IT_314059,6560.4
IT_314103,3691.4
IT_314131,167.8
IT_314180,4869.4
IT_314182,4636.8
IT_314195,8591.0
IT_314202,6603.2
IT_314212,6046.8
IT_314214,1397.2
IT_314220,5040.0
IT_314248,8585.4
IT_314249,10903.8
IT_314253,11323.2
IT_314271,9693.6
IT_314279,11323.2
IT_314292,6829.6
IT_314294,4251.2
IT_314295,6935.2
IT_314299,3196.8
IT_314321,6794.0
IT_314334,5040.2
IT_314376,9861.6
IT_314377,11323.2
IT_314382,7059.0
IT_314384,11323.2
IT_314389,10003.2
IT_314399,3546.8
IT_314435,6776.2
IT_314440,7187.2
IT_314444,3358.4
IT_314453,6962.8
IT_314458,3642.0
IT_314488,8944.0
IT_314490,9864.6
IT_314492,8944.0
IT_314509,4684.2
IT_314536,6823.8
IT_314539,4718.8
IT_314548,3860.6
IT_314551,6540.4
IT_314565,8493.4
IT_314594,10537.4
IT_314596,2914.6
IT_314600,11323.2
IT_314606,6753.0
IT_314617,4916.4
IT_314621,5604.0
IT_314646,5704.8
IT_314649,7127.8
IT_314656,6440.6
IT_314664,4066.8
IT_314693,8944.0
IT_314695,8944.0
IT_314698,9861.6
IT_314699,6513.8
IT_314701,11323.2
IT_314711,7229.6
IT_314713,6009.6
IT_314718,7094.2
IT_314719,3078.2
IT_314739,5507.6
IT_314741,5182.4
IT_314743,5215.0
IT_314754,6532.2
IT_314757,4844.8
IT_314822,9509.6
IT_314849,5898.4
IT_314858,8214.8
IT_314879,4773.0
IT_314886,5726.2
IT_314912,5162.6
IT_314968,7269.6
IT_314970,9509.6
IT_314979,6285.2
IT_314994,7021.8
IT_315012,4465.6
IT_315017,7453.6
IT_315025,5131.6
IT_315040,7419.2
IT_315065,11323.2
IT_315069,8214.8
IT_315073,9097.2
IT_315075,9545.8
IT_315083,11323.2
IT_315088,4465.4
IT_315095,5916.4
IT_315097,8366.2
IT_315102,3469.6
IT_315116,3296.4
IT_315133,6701.6
IT_315138,10511.8
IT_315139,11097.0
IT_315144,6397.2
IT_315181,6331.8
IT_315186,8585.4
IT_315206,7703.0
IT_315207,3554.2
IT_315219,5704.4
IT_315246,3554.2
IT_315307,4038.8
IT_315313,6791.2
IT_315314,5043.0
IT_315322,7370.2
IT_315386,11323.2
IT_315391,6052.0
IT_315398,5692.6
IT_315404,6103.6
IT_315409,7558.2
IT_315413,7100.8
IT_315424,5182.4
IT_315427,7453.6
IT_315430,6011.0
IT_315436,5778.2
IT_315437,5704.4
IT_315459,10903.8
IT_315461,10245.2
IT_315473,6774.8
IT_315476,4590.6
IT_315478,5892.4
IT_315506,11323.2
IT_315519,8944.0
IT_315520,11323.2
IT_315526,9317.8
IT_315539,5674.0
IT_315548,5182.4
IT_315554,4192.0
IT_315559,2964.8
IT_315560,8874.6
IT_315570,5463.8
IT_315579,6558.0
IT_315588,8198.0
IT_315589,8214.8
IT_315590,8576.0
IT_315602,7169.4
IT_315634,4787.2
IT_315635,11746.6
IT_315642,9509.6
IT_315653,3760.6
IT_315660,7021.8
IT_315667,6843.0
IT_315680,7342.8
IT_315687,6964.8
IT_315690,4497.0
IT_315736,8944.0
IT_315754,9861.6
IT_315757,11323.2
IT_315772,6365.2
IT_315773,7195.0
IT_315780,4954.0
IT_315785,8291.4
IT_315797,3674.6
IT_315798,6352.6
IT_315804,5334.6
IT_315806,4948.4
IT_315816,9509.6
IT_315855,10961.8
IT_315857,9031.0
IT_315859,9509.6
IT_315865,11323.2
IT_315872,3665.2
IT_315878,7651.4
IT_315890,4831.4
IT_315908,6226.8
IT_315912,4948.4
IT_315938,10903.8
IT_315945,11323.2
IT_315962,6620.6
IT_315963,6791.8
IT_315971,10537.4
IT_315983,3355.6
IT_315989,3102.4
IT_315998,6399.4
IT_316012,7869.4
IT_316024,4817.4
IT_316031,3738.0
IT_316039,8198.0
IT_316041,5990.4
IT_316080,11323.2
IT_316084,9864.6
IT_316086,9570.6
IT_316094,9721.6
IT_316106,6428.2
IT_316107,4272.4
IT_316108,6065.6
IT_316135,6520.8
IT_316139,3962.6
IT_316145,6532.2
IT_316149,5126.0
IT_316172,11746.6
IT_316176,5135.6
IT_316184,5123.4
IT_316197,5045.8
IT_316219,8889.2
IT_316240,6962.8
IT_316263,6214.6
IT_316272,4697.6
IT_316302,4952.4
IT_316305,6645.2
IT_316314,7443.6
IT_316358,10790.6
IT_316363,5626.8
IT_316365,6065.0
IT_316374,4963.6
IT_316380,6560.0
IT_316389,6715.8
IT_316398,4869.4
IT_316404,6491.0
IT_316408,7063.0
IT_316422,5351.2
IT_316442,11323.2
IT_316445,9509.6
IT_316452,9097.2
IT_316457,9192.4
IT_316464,6566.2
IT_316475,7084.8
IT_316476,4141.4
IT_316483,4192.0
IT_316504,5264.8
IT_316512,4215.4
IT_316518,3236.2
IT_316558,11746.6
IT_316562,11814.6
IT_316568,9273.2
IT_316583,5606.4
IT_316590,7358.6
IT_316603,7628.0
IT_316613,4111.8
IT_316615,7555.0
IT_316620,4556.2
IT_316664,6177.6
IT_316670,4657.4
IT_316673,4141.4
IT_316676,4997.4
IT_316677,5604.0
IT_316682,4391.4
IT_316699,4741.2
IT_316706,3442.8
IT_316709,7229.6
IT_316711,4753.6
IT_316715,4963.6
IT_316750,11323.2
IT_316756,9097.2
IT_316769,4061.0
IT_316775,4773.0
IT_316783,7608.6
IT_316792,4836.6
IT_316794,6473.8
IT_316801,7418.2
IT_316831,4141.4
IT_316845,2986.4
IT_316855,6701.8
IT_316869,8833.2
IT_316888,11323.2
IT_316902,11097.0
IT_316908,9509.6
IT_316909,6829.6
IT_316910,5126.0
IT_316943,4002.2
IT_316948,7458.2
IT_316953,5476.6
IT_316957,4499.4
IT_316961,4902.8
IT_317007,4546.8
IT_317013,10245.2
IT_317028,7506.6
IT_317052,7201.0
IT_317062,4117.8
IT_317091,11008.4
IT_317122,9861.6
IT_317130,6667.8
IT_317138,11212.8
IT_317139,7662.4
IT_317145,4676.6
IT_317146,5695.6
IT_317175,5751.8
IT_317180,5418.4
IT_317188,3480.4
IT_317207,11008.4
IT_317233,8198.0
IT_317251,4038.8
IT_317255,7210.2
IT_317256,6458.8
IT_317257,5618.8
IT_317275,4820.4
IT_317276,4601.4
IT_317279,7405.4
IT_317289,6996.2
IT_317293,3250.0
IT_317336,10537.4
IT_317361,3734.8
IT_317379,4871.0
IT_317393,7898.0
IT_317403,8944.0
IT_317404,6566.2
IT_317405,10790.6
IT_317447,4578.8
IT_317455,3734.8
IT_317488,5159.0
IT_317516,7177.6
IT_317533,2986.4
IT_317538,3487.4
IT_317543,6375.4
IT_317576,11746.6
IT_317580,2681.8
IT_317586,6667.8
IT_317594,8869.4
IT_317602,5123.0
IT_317622,5215.0
IT_317624,7127.8
IT_317626,3962.6
IT_317631,4458.6
IT_317680,11746.6
IT_317688,10219.2
IT_317700,7506.6
IT_317730,3664.6
IT_317765,11323.2
IT_317776,11323.2
IT_317785,9509.6
IT_317790,8198.0
IT_317808,4678.2
IT_317816,4894.2
IT_317827,4741.2
IT_317833,5042.8
IT_317835,6221.8
IT_317839,4556.2
IT_317845,5138.6
IT_317864,10536.8
IT_317879,11323.2
IT_317891,9317.8
IT_317907,6050.6
IT_317909,4453.2
IT_317914,2901.6
IT_317932,4820.4
IT_317939,5149.0
IT_317948,4064.4
IT_317952,5124.8
IT_317983,11323.2
IT_317998,11323.2
IT_318002,6566.2
IT_318017,4684.2
IT_318024,5500.8
IT_318045,4836.6
IT_318050,6270.6
IT_318055,6221.8
IT_318056,4864.8
IT_318060,5799.8
IT_318064,7593.0
IT_318069,4597.4
IT_318109,6365.4
IT_318110,4285.8
IT_318113,10584.2
IT_318125,3484.4
IT_318145,4820.4
IT_318155,7246.0
IT_318156,5195.4
IT_318160,4215.4
IT_318164,4720.4
IT_318165,5078.6
IT_318181,8944.0
IT_318190,7021.8
IT_318214,9693.6
IT_318230,10511.8
IT_318232,7384.6
IT_318233,3415.4
IT_318240,8214.8
IT_318249,4316.4
IT_318250,6654.0
IT_318262,6221.8
IT_318267,5498.0
IT_318273,7962.0
IT_318275,7229.6
IT_318280,3196.4
IT_318286,4471.0
IT_318325,8944.0
IT_318330,167.8
IT_318333,9861.6
IT_318350,5329.0
IT_318363,6686.2
IT_318377,5223.2
IT_318384,4020.0
IT_318385,4548.0
IT_318389,9806.6
IT_318404,7517.4
IT_318421,11746.6
IT_318438,7468.2
IT_318455,5900.6
IT_318458,6815.2
IT_318464,2802.4
IT_318468,7100.8
IT_318470,6387.8
IT_318476,5525.4
IT_318489,5285.0
IT_318498,9861.6
IT_318499,8334.4
IT_318526,8585.4
IT_318549,8273.8
IT_318562,6085.4
IT_318567,5066.0
IT_318603,5414.6
IT_318649,8585.4
IT_318667,5823.8
IT_318670,5500.8
IT_318679,7719.6
IT_318690,3038.8
IT_318698,4043.0
IT_318700,3546.8
IT_318732,11323.2
IT_318736,11323.2
IT_318756,8501.2
IT_318763,6566.2
IT_318771,7381.2
IT_318773,6221.8
IT_318777,4733.2
IT_318786,5643.4
IT_318797,5525.4
IT_318800,6296.8
IT_318811,6493.4
IT_318836,9509.6
IT_318839,9461.2
IT_318840,12925.4
IT_318859,8265.6
IT_318861,8186.6
IT_318883,5912.2
IT_318894,8198.0
IT_318907,8191.6
IT_318920,7417.8
IT_318934,5823.8
IT_318945,4208.4
IT_318963,9861.6
IT_318989,6771.6
IT_318995,8198.0
IT_319013,9273.2
IT_319015,11323.2
IT_319034,5690.4
IT_319045,3848.4
IT_319051,4424.0
IT_319062,4986.6
IT_319067,6202.6
IT_319120,7952.8
IT_319125,7446.8
IT_319139,4192.0
IT_319141,3712.4
IT_319149,5507.6
IT_319153,4008.0
IT_319173,7641.4
IT_319177,7641.6
IT_319183,7081.0
IT_319213,11786.6
IT_319218,4618.0
IT_319219,6644.0
IT_319220,7631.4
IT_319229,8198.0
IT_319241,10245.2
IT_319243,6829.6
IT_319249,4946.2
IT_319290,8323.4
IT_319292,8198.0
IT_319330,9031.0
IT_319345,8198.0
IT_319350,6962.8
IT_319364,5502.0
IT_319379,5465.2
IT_319393,3947.4
IT_319395,7589.2
IT_319400,7490.2
IT_319409,5787.0
IT_319436,11323.2
IT_319444,4938.2
IT_319452,11746.6
IT_319472,7464.6
IT_319476,6054.6
IT_319496,4043.0
IT_319497,5078.6
IT_319519,4158.8
IT_319531,3397.4
IT_319533,6621.6
IT_319534,4872.6
IT_319537,7570.6
IT_319562,7171.8
IT_319563,10511.8
IT_319575,9509.6
IT_319582,4084.6
IT_319594,10511.8
IT_319633,7947.0
IT_319648,4842.2
IT_319656,5631.6
IT_319676,10584.2
IT_319703,11323.2
IT_319719,4739.0
IT_319720,6765.8
IT_319725,4215.4
IT_319743,7157.8
IT_319745,6202.6
IT_319749,5307.4
IT_319750,5264.8
IT_319753,5329.0
IT_319758,4984.2
IT_319774,6397.2
IT_319807,10903.8
IT_319808,8501.2
IT_319814,2653.8
IT_319823,6633.0
IT_319837,6938.8
IT_319839,5200.6
IT_319853,7342.8
IT_319859,4991.0
IT_319861,5454.0
IT_319864,7589.2
IT_319866,6607.4
IT_319870,5195.4
IT_319874,6012.2
IT_319929,2801.6
IT_319944,8198.0
IT_319955,3546.8
IT_319957,4861.6
IT_319962,5849.4
IT_319977,6287.4
IT_320001,4726.4
IT_320008,8816.8
IT_320009,1289.2
IT_320039,5168.4
IT_320041,6667.8
IT_320048,11323.2
IT_320060,4787.2
IT_320062,5179.0
IT_320068,10903.8
IT_320083,7370.2
IT_320094,4955.6
IT_320098,4656.2
IT_320112,7836.4
IT_320118,4753.6
IT_320146,8915.4
IT_320179,8334.4
IT_320181,9289.8
IT_320193,8198.0
IT_320203,6749.6
IT_320207,6761.4
IT_320208,4923.8
IT_320219,3848.4
IT_320236,5528.4
IT_320241,5252.0
IT_320250,10574.2
IT_320267,5912.6
IT_320268,10537.4
IT_320277,4861.6
IT_320279,6054.6
IT_320290,5130.4
IT_320301,4712.4
IT_320318,8944.0
IT_320334,3865.8
IT_320352,3200.4
IT_320355,9318.4
IT_320359,6667.8
IT_320373,4215.4
IT_320374,6030.0
IT_320380,5070.2
IT_320387,7490.2
IT_320393,6152.0
IT_320394,4894.2
IT_320396,7092.4
IT_320398,4800.6
IT_320401,5122.4
IT_320403,4817.4
IT_320407,7615.6
IT_320410,5192.4
IT_320418,8915.4
IT_320463,11244.2
IT_320469,9509.6
IT_320487,8833.2
IT_320512,4753.6
IT_320518,5123.0
IT_320522,6202.6
IT_320529,4696.0
IT_320534,8239.4
IT_320537,5226.4
IT_320544,8915.4
IT_320555,5956.6
IT_320567,8198.0
IT_320579,11746.6
IT_320583,11323.2
IT_320586,11323.2
IT_320594,9861.6
IT_320604,9509.6
IT_320606,8833.2
IT_320616,4009.6
IT_320629,7229.6
IT_320638,5034.4
IT_320642,7170.4
IT_320646,5652.0
IT_320690,1917.4
IT_320699,4610.2
IT_320719,2612.4
IT_320728,8334.4
IT_320732,8501.2
IT_320744,5965.8
IT_320750,4372.8
IT_320756,4572.2
IT_320762,4986.6
IT_320769,5034.4
IT_320773,7641.6
IT_320775,3597.2
IT_320779,4869.4
IT_320787,6645.2
IT_320818,10537.4
IT_320842,11786.6
IT_320848,2164.8
IT_320860,6566.2
IT_320863,8214.8
IT_320872,4779.4
IT_320879,6313.8
IT_320895,3196.4
IT_320908,6261.6
IT_320911,5724.6
IT_320917,4902.8
IT_320919,9289.8
IT_320927,11323.2
IT_320952,11323.2
IT_320961,8944.0
IT_320967,2012.2
IT_320971,3872.8
IT_320980,6566.2
IT_320989,5476.6
IT_320991,4140.0
IT_320996,6098.0
IT_321010,4831.4
IT_321031,4720.4
IT_321068,6039.2
IT_321087,3959.0
IT_321088,6159.4
IT_321093,12281.4
IT_321128,2670.4
IT_321129,9515.8
IT_321134,7420.0
IT_321147,8214.8
IT_321159,4753.6
IT_321160,4812.0
IT_321166,4733.2
IT_321186,5264.8
IT_321202,1713.6
IT_321203,11244.2
IT_321204,7037.2
IT_321226,8944.0
IT_321237,703.0
IT_321240,2431.0
IT_321247,8940.8
IT_321265,3487.4
IT_321274,4982.0
IT_321277,7791.2
IT_321282,7822.8
IT_321326,11323.2
IT_321334,4669.8
IT_321343,9509.6
IT_321360,4061.0
IT_321364,4984.2
IT_321367,5618.8
IT_321368,5954.8
IT_321374,5536.2
IT_321375,6416.4
IT_321378,9084.2
IT_321384,5965.4
IT_321395,11323.2
IT_321425,9031.0
IT_321431,8198.0
IT_321439,1745.4
IT_321442,4245.0
IT_321444,7517.4
IT_321459,7739.0
IT_321465,3896.6
IT_321476,4863.8
IT_321488,5652.0
IT_321492,6012.6
IT_321494,6613.4
IT_321501,8915.4
IT_321505,11323.2
IT_321513,11323.2
IT_321563,9461.2
IT_321566,5172.4
IT_321571,5704.8
IT_321578,10511.8
IT_321582,6854.4
IT_321590,6397.2
IT_321593,4964.2
IT_321614,6221.8
IT_321616,6537.8
IT_321621,5751.0
IT_321627,6053.4
IT_321637,8055.2
IT_321675,4265.8
IT_321705,11786.6
IT_321710,6667.8
IT_321716,9344.8
IT_321726,4753.6
IT_321732,5601.0
IT_321742,4842.2
IT_321743,7885.2
IT_321745,7269.0
IT_321752,6306.0
IT_321759,4050.0
IT_321763,5256.2
IT_321773,2863.8
IT_321804,5239.0
IT_321810,8555.6
IT_321811,7515.2
IT_321817,5652.0
IT_321824,7212.2
IT_321825,6483.6
IT_321826,4712.4
IT_321834,5420.6
IT_321842,920.0
IT_321843,9804.8
IT_321848,4483.0
IT_321860,7857.4
IT_321887,2005.8
IT_321888,5925.0
IT_321904,9861.6
IT_321905,6285.2
IT_321922,5262.8
IT_321923,4753.6
IT_321933,7705.0
IT_321953,5892.6
IT_321955,5223.2
IT_321965,8198.0
IT_321966,5002.2
IT_322027,1688.4
IT_322031,5596.8
IT_322049,6937.6
IT_322063,4050.0
IT_322069,6184.4
IT_322082,3554.2
IT_322085,7229.6
IT_322087,4920.2
IT_322097,6105.2
IT_322098,5176.2
IT_322099,6668.0
IT_322108,8915.4
IT_322136,11097.0
IT_322174,3190.2
IT_322187,4470.8
IT_322193,8501.2
IT_322198,4681.6
IT_322210,5195.4
IT_322227,6737.4
IT_322233,6184.0
IT_322243,6331.4
IT_322244,5847.8
IT_322341,3724.6
IT_322345,8456.0
IT_322369,4602.0
IT_322382,5409.4
IT_322389,6723.0
IT_322391,4854.4
IT_322395,4817.4
IT_322397,4050.0
IT_322401,5595.4
IT_322412,3170.0
IT_322419,8456.0
IT_322423,7795.4
IT_322464,5757.6
IT_322466,4509.4
IT_322509,7016.2
IT_322531,4578.8
IT_322545,6287.4
IT_322550,2964.8
IT_322552,5226.4
IT_322563,6023.8
IT_322565,5373.6
IT_322568,4986.6
IT_322578,3098.4
IT_322636,1413.6
IT_322641,2692.0
IT_322649,11002.2
IT_322658,9717.8
IT_322692,5226.4
IT_322693,4102.6
IT_322694,5827.8
IT_322695,7962.0
IT_322698,4752.8
IT_322705,4898.8
IT_322713,5215.0
IT_322747,4455.4
IT_322754,10903.8
IT_322791,7699.4
IT_322829,9031.0
IT_322879,9317.8
IT_322898,3734.8
IT_322908,3368.0
IT_322925,7338.2
IT_322927,5078.6
IT_322931,9269.2
IT_322986,6639.8
IT_323004,1115.2
IT_323044,6205.2
IT_323047,5606.4
IT_323078,5538.0
IT_323080,5347.0
IT_323088,5319.8
IT_323161,1194.4
IT_323181,3148.2
IT_323209,4399.8
IT_323221,5398.6
IT_323229,3640.4
IT_323240,4271.8
IT_323243,5793.4
IT_323252,889.4
IT_323253,2946.6
IT_323260,6701.8
IT_323267,4104.8
IT_323350,5216.4
IT_323351,5082.4
IT_323363,6496.4
IT_323372,5967.8
IT_323390,6723.0
IT_323393,2802.4
IT_323398,7641.6
IT_323407,7127.4
IT_323409,4657.6
IT_323410,4424.0
IT_323419,7465.2
IT_323429,1099.0
IT_323450,9107.8
IT_323480,6962.8
IT_323496,6291.6
IT_323504,7047.6
IT_323574,2829.4
IT_323577,9509.6
IT_323593,3784.4
IT_323599,6566.2
IT_323634,7021.8
IT_323636,5226.4
IT_323638,4398.2
IT_323644,6184.4
IT_323663,7699.4
IT_323667,2051.4
IT_323729,6607.8
IT_323730,7371.4
IT_323736,5202.2
IT_323737,5122.0
IT_323741,1965.0
IT_323745,9555.8
IT_323751,1501.8
IT_323772,7564.4
IT_323828,6667.8
IT_323844,6098.0
IT_323845,6533.2
IT_323847,4279.0
IT_323857,6053.4
IT_323859,5876.2
IT_323861,5307.4
IT_323869,7152.8
IT_323870,6155.6
IT_323888,2467.6
IT_323908,3855.6
IT_323960,9317.8
IT_323961,4172.2
IT_323973,2641.4
IT_323986,5823.2
IT_323987,7679.2
IT_323997,7047.6
IT_324000,6844.6
IT_324046,1521.6
IT_324057,1432.0
IT_324098,7541.2
IT_324143,7515.2
IT_324163,7021.8
IT_324168,4083.8
IT_324171,6785.8
IT_324188,6612.8
IT_324197,5688.0
IT_324207,3955.0
IT_324217,4102.6
IT_324220,1054.2
IT_324261,8208.4
IT_324310,2891.4
IT_324318,4466.6
IT_324338,4894.2
IT_324367,4608.4
IT_324369,4986.0
IT_324370,6350.0
IT_324393,2147.8
IT_324432,6583.4
IT_324434,3180.2
IT_324467,3690.2
IT_324482,3182.6
IT_324498,3998.8
IT_324515,5596.0
IT_324529,2759.4
IT_324550,6540.4
IT_324558,5065.6
IT_324576,1312.2
IT_324639,1320.0
IT_324641,5162.2
IT_324706,4279.0
IT_324730,2215.8
IT_324737,8854.0
IT_324744,2665.4
IT_324805,7869.4
IT_324806,5704.4
IT_324812,5114.0
IT_324817,2600.4
IT_324910,2379.6
IT_324937,6798.4
IT_324940,4730.4
IT_324941,3960.6
IT_324946,4866.0
IT_324956,7292.2
IT_324959,4817.4
IT_324961,6841.4
IT_325038,2533.2
IT_325039,4610.2
IT_325067,1099.4
IT_325092,4838.6
IT_325106,4306.0
IT_325119,6781.8
IT_325122,6613.6
IT_325123,4254.2
IT_325131,6484.8
IT_325162,5809.8
IT_325163,3830.6
IT_325187,1733.6
IT_325214,8501.2
IT_325227,3351.2
IT_325236,2479.0
IT_325237,3590.2
IT_325262,1115.2
IT_325319,2329.0
IT_325331,7869.4
IT_325338,7491.2
IT_325350,5473.6
IT_325379,1427.4
IT_325463,3202.6
IT_325488,5950.2
IT_325489,6208.2
IT_325493,5991.0
IT_325494,3518.0
IT_325495,4082.2
IT_325506,7778.8
IT_325530,3428.0
IT_325543,6295.4
IT_325552,1675.8
IT_325619,1115.2
IT_325628,2065.2
IT_325666,5889.2
IT_325674,5672.0
IT_325675,4228.0
IT_325676,4605.0
IT_325693,2639.6
IT_325705,7021.8
IT_325726,1553.8
IT_325734,1867.0
IT_325735,2051.4
IT_325802,3110.2
IT_325822,5807.2
IT_325827,4654.6
IT_325843,5704.4
IT_325848,2745.0
IT_325908,3462.6
IT_325909,5420.6
IT_325922,3923.4
IT_326027,4968.8
IT_326033,4398.2
IT_326051,5997.2
IT_326086,2302.6
IT_326106,1837.8
IT_326155,6353.4
IT_326165,11323.2
IT_326168,4072.2
IT_326174,1115.2
IT_326227,4791.6
IT_326228,2413.4
IT_326230,7895.0
IT_326231,7788.8
IT_326232,3554.2
IT_326244,3221.6
IT_326247,6841.4
IT_326249,7462.2
IT_326261,2614.6
IT_326262,4046.0
IT_326289,2196.8
IT_326361,1115.2
IT_326388,2890.6
IT_326418,4193.6
IT_326437,3542.6
IT_326440,4894.2
IT_326447,2895.0
IT_326452,3724.8
IT_326460,2054.8
IT_326467,2496.4
IT_326577,6179.4
IT_326581,3374.8
IT_326582,4291.0
IT_326615,5218.0
IT_326621,3479.0
IT_326631,2906.6
IT_326641,6000.2
IT_326668,3349.2
IT_326681,1456.6
IT_326688,4027.2
IT_326755,2678.2
IT_326765,4616.8
IT_326786,3182.6
IT_326802,4311.4
IT_326826,6560.0
IT_326844,6841.4
IT_326846,3877.6
IT_326852,2795.6
IT_326920,1132.4
IT_326956,3046.8
IT_326975,3065.8
IT_326982,9134.0
IT_326997,3402.0
IT_327004,3830.6
IT_327010,4649.6
IT_327011,5469.0
IT_327012,2880.6
IT_327031,5245.8
IT_327033,3163.2
IT_327040,3527.8
IT_327046,6841.4
IT_327062,1461.0
IT_327123,5576.6
IT_327131,5437.0
IT_327133,3870.6
IT_327138,5045.4
IT_327213,3296.8
IT_327240,4042.4
IT_327270,4811.4
IT_327272,3233.8
IT_327276,4411.0
IT_327282,2566.2
IT_327309,1612.8
IT_327310,749.4
IT_327323,2234.2
IT_327337,2863.8
IT_327398,4372.8
IT_327417,3034.2
IT_327452,6094.2
IT_327458,3931.2
IT_327479,2700.4
IT_327487,3848.6
IT_327492,1928.2
IT_327511,1702.6
IT_327521,2778.6
IT_327522,6149.8
IT_327535,1955.0
IT_327546,4218.6
IT_327581,1341.0
IT_327591,4287.6
IT_327622,3807.2
IT_327671,5839.4
IT_327674,2639.6
IT_327697,1581.8
IT_327710,3959.0
IT_327715,1418.6
IT_327742,6795.4
IT_327770,4560.0
IT_327795,1183.2
IT_327804,4818.0
IT_327890,2072.6
IT_327990,6357.2
IT_328020,3136.4
IT_328087,5395.0
IT_328088,2353.2
IT_328108,2566.2
IT_328109,5689.6
IT_328112,7791.2
IT_328117,3409.6
IT_328119,3613.4
IT_328125,4529.8
IT_328244,3786.6
IT_328267,5062.0
IT_328275,3819.8
IT_328277,3248.4
IT_328286,3793.6
IT_328292,5169.4
IT_328293,5048.0
IT_328304,4337.8
IT_328384,5566.2
IT_328388,3830.6
IT_328395,5476.6
IT_328396,2822.4
IT_328534,3245.2
IT_328551,5345.4
IT_328561,3248.4
IT_328566,3830.6
IT_328580,7719.6
IT_328585,2831.0
IT_328592,3514.0
IT_328594,4432.4
IT_328606,4854.4
IT_328667,2012.2
IT_328668,6244.2
IT_328744,3959.8
IT_328748,3296.0
IT_328771,3559.6
IT_328773,3273.6
IT_328785,4482.8
IT_328789,6790.8
IT_328791,4560.8
IT_328794,2834.0
IT_328815,7586.6
IT_328879,5134.6
IT_328881,3588.2
IT_328882,5546.6
IT_328922,4245.0
IT_328984,3795.8
IT_328986,519.6
IT_328996,3232.8
IT_329002,2544.6
IT_329005,3095.2
IT_329016,5780.6
IT_329113,1310.8
IT_329114,6853.0
IT_329123,3187.6
IT_329142,6341.4
IT_329146,4669.2
IT_329174,4866.4
IT_329175,2621.8
IT_329180,478.8
IT_329202,3869.2
IT_329286,3047.4
IT_329287,8003.2
IT_329288,4325.0
IT_329320,3201.6
IT_329327,3780.4
IT_329388,1081.2
IT_329390,6345.0
IT_329403,4735.8
IT_329419,4796.2
IT_329421,2191.0
IT_329425,4093.4
IT_329435,2905.0
IT_329437,3444.8
IT_329509,1511.4
IT_329511,9275.4
IT_329520,1415.0
IT_329521,1423.6
IT_329612,6308.8
IT_329620,2462.6
IT_329626,5834.6
IT_329633,5033.6
IT_329640,5175.0
IT_329643,6639.8
IT_329647,2880.6
IT_329658,2370.0
IT_329676,3826.0
IT_329725,2903.6
IT_329753,6178.2
IT_329757,2334.4
IT_329770,1965.0
IT_329834,3264.8
IT_329841,2248.4
IT_329842,1603.0
IT_329843,1308.0
IT_329864,11323.2
IT_329961,2720.6
IT_329977,2708.0
IT_329982,4772.4
IT_329985,4254.2
IT_329987,4503.0
IT_329990,3782.6
IT_329998,902.2
IT_330022,5985.8
IT_330072,2514.4
IT_330073,1544.8
IT_330074,1205.0
IT_330099,11323.2
IT_330103,2322.4
IT_330107,4993.6
IT_330120,4523.8
IT_330183,4844.8
IT_330185,4332.2
IT_330196,3039.4
IT_330210,2714.2
IT_330229,5516.2
IT_330291,7896.2
IT_330297,2704.8
IT_330332,3681.4
IT_330352,2337.8
IT_330360,6968.2
IT_330404,5374.4
IT_330427,1509.6
IT_330442,4683.6
IT_330493,2467.4
IT_330494,3780.2
IT_330501,1961.2
IT_330521,4381.6
IT_330530,4479.0
IT_330537,9155.2
IT_330571,3997.8
IT_330615,5486.0
IT_330625,2554.2
IT_330629,2601.8
IT_330632,3411.6
IT_330641,2914.6
IT_330646,5366.4
IT_330656,7396.8
IT_330718,1564.4
IT_330719,1486.4
IT_330773,4605.4
IT_330810,6565.2
IT_330832,6000.2
IT_330837,2544.2
IT_330839,3281.0
IT_330848,4435.8
IT_330852,5589.0
IT_330855,8239.4
IT_330874,2070.8
IT_330914,3771.0
IT_330915,7518.6
IT_330924,1358.0
IT_330951,5495.8
IT_330977,5754.0
IT_330987,5134.6
IT_331013,1334.8
IT_331021,3345.0
IT_331023,3248.4
IT_331032,3570.2
IT_331053,2246.8
IT_331103,3903.0
IT_331128,5454.6
IT_331133,3344.6
IT_331141,6341.0
IT_331170,3691.8
IT_331189,2773.8
IT_331208,2453.4
IT_331210,1183.0
IT_331242,4350.8
IT_331306,4537.2
IT_331307,2686.0
IT_331327,3030.6
IT_331333,3777.2
IT_331342,3200.0
IT_331363,2196.8
IT_331413,3176.0
IT_331420,3090.2
IT_331426,4342.4
IT_331457,3079.8
IT_331475,2333.6
IT_331514,2375.2
IT_331518,5200.0
IT_331526,2528.4
IT_331531,3422.0
IT_331538,4004.4
IT_331672,4490.8
IT_331687,3960.8
IT_331702,4491.8
IT_331710,3934.2
IT_331713,4251.0
IT_331723,3888.0
IT_331725,4402.8
IT_331726,2700.4
IT_331730,2422.6
IT_331755,2058.2
IT_331780,3971.4
IT_331816,4659.8
IT_331874,5951.8
IT_331877,2686.0
IT_331883,3383.6
IT_331886,4297.8
IT_331899,4329.0
IT_331902,4017.4
IT_331970,2208.6
IT_331973,4769.2
IT_331987,3877.4
IT_332017,6867.8
IT_332020,2353.2
IT_332024,1927.4
IT_332027,5834.6
IT_332031,3473.6
IT_332045,3615.6
IT_332057,6534.2
IT_332065,1621.4
IT_332128,2499.8
IT_332171,4564.6
IT_332207,6157.4
IT_332237,3263.0
IT_332243,3619.6
IT_332244,4350.8
IT_332266,1584.6
IT_332307,4169.4
IT_332370,1461.0
IT_332453,7192.6
IT_332485,4463.0
IT_332497,4489.2
IT_332500,2946.0
IT_332585,5276.6
IT_332588,3753.8
IT_332608,4275.6
IT_332612,3724.6
IT_332640,3736.8
IT_332647,3131.4
IT_332653,4440.2
IT_332656,4139.8
IT_332662,2972.4
IT_332665,7206.4
IT_332673,4531.0
IT_332706,3914.0
IT_332777,4011.4
IT_332834,5448.8
IT_332844,3830.6
IT_332865,3604.4
IT_332946,5288.2
IT_332968,913.4
IT_333018,2491.6
IT_333040,3248.4
IT_333045,5576.6
IT_333088,8060.8
IT_333179,2818.8
IT_333180,5596.0
IT_333196,2107.0
IT_333249,5481.0
IT_333250,6161.4
IT_333268,3882.6
IT_333280,3698.0
IT_333284,3201.2
IT_333290,2032.6
IT_333292,4088.8
IT_333298,5034.4
IT_333330,7379.4
IT_333417,4733.0
IT_333456,5463.6
IT_333461,3477.6
IT_333490,2846.2
IT_333570,7358.2
IT_333599,3393.4
IT_333646,2766.4
IT_333676,5774.8
IT_333685,3464.0
IT_333686,1226.8
IT_333689,6933.0
IT_333690,7174.4
IT_333758,5186.2
IT_333778,6569.6
IT_333785,2375.4
IT_333795,4498.6
IT_333818,4026.8
IT_333832,3467.2
IT_333868,1078.2
IT_333889,3697.8
IT_333901,6283.2
IT_333902,3148.6
IT_333993,4468.0
IT_333998,4016.4
IT_333999,3568.8
IT_334003,3264.6
IT_334011,5567.0
IT_334018,2763.4
IT_334020,2327.0
IT_334082,9031.0
IT_334099,795.2
IT_334101,6121.0
IT_334125,4668.6
IT_334138,4111.8
IT_334194,3407.0
IT_334199,3681.0
IT_334212,3991.0
IT_334218,1838.0
IT_334232,1169.4
IT_334235,3430.0
IT_334251,4503.0
IT_334289,2846.6
IT_334290,7885.2
IT_334302,1036.0
IT_334305,5142.8
IT_334357,2413.8
IT_334384,6308.8
IT_334390,2070.8
IT_334396,4020.6
IT_334415,5111.0
IT_334420,4286.2
IT_334430,4302.8
IT_334445,2532.2
IT_334472,1817.4
IT_334516,1300.0
IT_334517,801.6
IT_334519,4051.8
IT_334539,3320.0
IT_334542,9034.4
IT_334547,2845.4
IT_334615,4698.8
IT_334642,1912.8
IT_334646,5002.4
IT_334651,3834.4
IT_334653,3592.2
IT_334654,3268.0
IT_334661,4397.6
IT_334667,3052.4
IT_334678,8057.4
IT_334737,6847.6
IT_334796,2617.6
IT_334826,3672.8
IT_334833,2930.4
IT_334836,4319.0
IT_334853,6639.8
IT_334854,3787.0
IT_334857,3047.0
IT_334861,3641.8
IT_334867,2733.0
IT_334961,3583.0
IT_334966,4399.0
IT_334967,2639.6
IT_334984,2390.0
IT_334992,1864.2
IT_335161,3592.2
IT_335163,2282.6
IT_335164,3213.2
IT_335170,630.6
IT_335204,5306.2
IT_335259,3438.4
IT_335276,4688.0
IT_335307,3770.4
IT_335383,4010.6
IT_335393,5224.0
IT_335395,4429.0
IT_335399,2588.4
IT_335402,4960.6
IT_335407,3502.8
IT_335409,3441.4
IT_335433,2035.8
IT_335486,6328.6
IT_335492,2005.2
IT_335514,4350.8
IT_335583,3473.6
IT_335598,3031.2
IT_335604,3303.8
IT_335610,5428.2
IT_335626,2386.4
IT_335666,7049.0
IT_335733,4698.8
IT_335734,3824.0
IT_335737,4259.4
IT_335742,2622.2
IT_335748,2796.4
IT_335768,2551.6
IT_335791,5032.8
IT_335801,6635.6
IT_335854,3982.4
IT_335891,488.8
IT_335912,5784.4
IT_335921,711.0
IT_335924,6635.6
IT_335986,3654.6
IT_335998,3304.6
IT_335999,4381.6
IT_336002,4849.2
IT_336003,3248.4
IT_336019,2298.2
IT_336064,7811.2
IT_336074,3942.2
IT_336106,3903.6
IT_336112,2815.2
IT_336125,2320.0
IT_336150,5239.0
IT_336178,5767.0
IT_336183,2482.0
IT_336184,711.0
IT_336246,2004.0
IT_336278,3316.0
IT_336291,2700.4
IT_336298,6913.4
IT_336302,2445.6
IT_336311,4528.4
IT_336313,5795.0
IT_336327,7782.2
IT_336338,2540.0
IT_336339,5065.4
IT_336384,5515.2
IT_336394,3515.0
IT_336395,847.4
IT_336401,2130.0
IT_336413,1017.4
IT_336415,779.2
IT_336421,201.6
IT_336425,4657.4
IT_336431,3554.0
IT_336477,6966.2
IT_336479,2813.6
IT_336485,4396.8
IT_336499,2111.4
IT_336507,3020.4
IT_336535,3446.0
IT_336540,2137.2
IT_336620,1932.0
IT_336624,446.2
IT_336643,2678.0
IT_336696,5536.2
IT_336701,5113.4
IT_336712,3613.4
IT_336715,4277.2
IT_336728,1970.2
IT_336729,4819.4
IT_336739,2533.0
IT_336799,6121.0
IT_336811,740.6
IT_336846,4183.0
IT_336908,2836.0
IT_336916,2764.6
IT_336922,3068.2
IT_336926,3237.8
IT_336936,3353.8
IT_336945,3123.2
IT_336956,1442.2
IT_336991,6498.8
IT_337002,762.0
IT_337023,972.6
IT_337024,3896.0
IT_337082,5839.4
IT_337088,3131.4
IT_337094,3618.6
IT_337109,2943.6
IT_337132,5117.2
IT_337160,1161.4
IT_337185,847.4
IT_337202,6561.6
IT_337212,598.4
IT_337213,3896.0
IT_337280,6396.8
IT_337283,2802.0
IT_337284,3021.6
IT_337287,5153.4
IT_337384,1341.0
IT_337392,4020.6
IT_337393,3103.6
IT_337407,4163.4
IT_337474,4345.4
IT_337506,7219.6
IT_337524,6523.6
IT_337540,3677.2
IT_337598,2735.4
IT_337630,5500.8
IT_337653,2632.6
IT_337679,2059.2
IT_337711,3502.0
IT_337712,3583.0
IT_337715,4741.2
IT_337721,2934.2
IT_337789,795.2
IT_337807,3169.2
IT_337870,4760.8
IT_337876,3479.0
IT_337880,5616.0
IT_337884,3820.0
IT_337887,3152.8
IT_337891,5049.2
IT_337983,509.2
IT_338040,4894.2
IT_338045,4871.0
IT_338048,3250.0
IT_338066,3966.2
IT_338067,2664.0
IT_338070,5202.8
IT_338079,5259.6
IT_338169,462.8
IT_338178,3397.0
IT_338183,3996.0
IT_338224,3750.4
IT_338238,3228.0
IT_338241,3616.0
IT_338244,3957.2
IT_338245,2032.4
IT_338248,5134.8
IT_338255,5714.6
IT_338351,462.8
IT_338361,5389.8
IT_338393,4006.6
IT_338410,4929.0
IT_338427,3233.8
IT_338439,4077.2
IT_338443,5714.6
IT_338460,1834.2
IT_338461,7608.6
IT_338467,4697.6
IT_338504,4309.8
IT_338546,2773.8
IT_338557,2244.6
IT_338566,2068.8
IT_338589,5795.2
IT_338638,1101.4
IT_338689,3772.0
IT_338711,2579.2
IT_338715,4923.4
IT_338720,3494.8
IT_338733,2413.8
IT_338737,4721.2
IT_338742,2374.6
IT_338746,6242.4
IT_338766,2156.6
IT_338825,1269.6
IT_338836,9473.6
IT_338850,8214.8
IT_338855,4371.0
IT_338902,5689.4
IT_338905,4802.0
IT_338921,2427.4
IT_338924,4661.0
IT_338927,2593.6
IT_338931,4378.4
IT_339016,820.0
IT_339025,7555.0
IT_339044,6578.4
IT_339087,4590.4
IT_339111,4439.6
IT_339120,9031.0
IT_339134,3740.4
IT_339138,5152.2
IT_339141,4531.0
IT_339146,2981.4
IT_339175,7956.0
IT_339257,8206.6
IT_339265,5244.4
IT_339303,3779.6
IT_339340,5807.0
IT_339347,3502.0
IT_339348,3210.0
IT_339352,4585.2
IT_339357,3020.4
IT_339390,3697.2
IT_339408,2643.8
IT_339452,6831.6
IT_339470,5256.8
IT_339527,2213.0
IT_339553,3873.8
IT_339559,5893.8
IT_339562,2426.8
IT_339564,3184.0
IT_339566,6399.8
IT_339643,801.6
IT_339668,1006.6
IT_339676,3442.6
IT_339726,2580.2
IT_339730,2776.2
IT_339738,2964.4
IT_339748,2763.4
IT_339750,4146.4
IT_339752,5200.4
IT_339813,4150.6
IT_339848,3607.2
IT_339861,2635.4
IT_339889,6101.6
IT_339933,5527.4
IT_339937,1131.4
IT_339942,630.2
IT_339943,3320.0
IT_340014,4497.8
IT_340026,2749.4
IT_340028,3311.8
IT_340030,5070.2
IT_340055,5569.6
IT_340129,4854.4
IT_340140,465.8
IT_340187,4252.6
IT_340203,5673.6
IT_340230,4836.6
IT_340231,3415.6
IT_340234,2811.6
IT_340237,5601.4
IT_340239,3329.6
IT_340243,3687.6
IT_340248,3903.0
IT_340265,1528.2
IT_340332,6008.0
IT_340357,475.6
IT_340362,5354.4
IT_340387,11323.2
IT_340447,3819.8
IT_340455,4509.2
IT_340462,3008.4
IT_340471,2774.8
IT_340514,1608.0
IT_340561,4862.4
IT_340578,4657.4
IT_340615,6498.8
IT_340625,2279.0
IT_340636,8283.6
IT_340652,2442.2
IT_340675,2829.2
IT_340676,3410.6
IT_340680,4852.6
IT_340689,3057.4
IT_340721,1621.6
IT_340722,2579.0
IT_340736,2096.6
IT_340783,5754.0
IT_340789,793.0
IT_340799,3678.8
IT_340826,1674.2
IT_340831,3883.4
IT_340853,2834.4
IT_340858,4825.0
IT_340860,2678.4
IT_340862,4620.4
IT_340870,4243.8
IT_340887,4020.6
IT_340889,2121.4
IT_340921,4136.2
IT_340970,4861.6
IT_340985,882.4
IT_340996,4693.6
IT_341044,2456.8
IT_341065,4809.2
IT_341070,4028.4
IT_341074,5971.6
IT_341079,2940.6
IT_341080,3522.0
IT_341142,3801.0
IT_341172,3094.6
IT_341179,5043.2
IT_341202,4828.2
IT_341217,2279.6
IT_341317,2492.2
IT_341327,2639.6
IT_341339,2763.4
IT_341346,2605.6
IT_341442,465.8
IT_341488,4036.4
IT_341500,2413.4
IT_341507,2869.4
IT_341517,3826.8
IT_341519,2914.6
IT_341521,3607.2
IT_341522,4397.0
IT_341525,3071.0
IT_341531,3146.2
IT_341537,2526.0
IT_341541,3062.8
IT_341542,5525.6
IT_341595,4991.2
IT_341643,663.2
IT_341653,2647.6
IT_341672,4490.8
IT_341686,4445.0
IT_341734,3839.0
IT_341743,3332.6
IT_341746,3015.0
IT_341747,5359.8
IT_341838,580.6
IT_341841,9570.6
IT_341847,4720.4
IT_341878,2279.0
IT_341909,3502.0
IT_341915,2700.4
IT_341924,5044.2
IT_341926,4182.4
IT_341927,2700.8
IT_341928,4799.6
IT_341934,2449.2
IT_341935,4589.6
IT_341937,2986.4
IT_341943,5812.6
IT_341983,1923.4
IT_342026,3487.4
IT_342097,4897.8
IT_342099,2905.2
IT_342115,5792.2
IT_342131,2492.2
IT_342135,3361.4
IT_342136,4159.6
IT_342144,5817.4
IT_342287,4069.2
IT_342290,2618.8
IT_342299,2738.0
IT_342314,3966.2
IT_342316,3862.2
IT_342324,412.4
IT_342325,3681.8
IT_342335,6449.0
IT_342367,5811.2
IT_342388,4967.6
IT_342425,5779.8
IT_342429,11323.2
IT_342472,858.0
IT_342503,3768.2
IT_342509,3960.8
IT_342522,5652.6
IT_342525,4146.4
IT_342535,594.6
IT_342542,6511.2
IT_342552,2869.4
IT_342553,4791.2
IT_342556,2695.0
IT_342559,5507.6
IT_342601,3224.8
IT_342650,963.2
IT_342651,3540.6
IT_342656,5624.8
IT_342663,2453.6
IT_342707,3746.2
IT_342711,2583.4
IT_342723,3726.0
IT_342731,5651.8
IT_342733,3980.2
IT_342737,4262.0
IT_342739,2375.4
IT_342740,5070.2
IT_342744,3075.0
IT_342745,4268.4
IT_342750,2982.0
IT_342826,7174.4
IT_342899,2426.4
IT_342901,5210.2
IT_342925,3094.6
IT_342926,2151.6
IT_342932,4332.0
IT_342935,4104.8
IT_342946,1938.6
IT_343027,6065.0
IT_343032,672.4
IT_343038,4521.8
IT_343098,3941.2
IT_343114,3462.0
IT_343126,2834.4
IT_343127,5009.2
IT_343132,2561.8
IT_343137,2789.6
IT_343141,3601.0
IT_343156,6731.0
IT_343191,4499.0
IT_343216,12925.4
IT_343237,3089.0
IT_343278,4260.0
IT_343312,3037.6
IT_343315,5331.4
IT_343323,2789.6
IT_343325,2423.0
IT_343334,2409.2
IT_343371,4709.4
IT_343402,4051.8
IT_343463,439.6
IT_343477,6574.4
IT_343491,4229.8
IT_343498,2792.8
IT_343501,3644.4
IT_343553,7058.6
IT_343571,3894.8
IT_343584,4127.8
IT_343588,4287.0
IT_343591,2478.6
IT_343593,5142.8
IT_343629,3035.2
IT_343657,9725.4
IT_343670,529.8
IT_343680,446.8
IT_343705,4575.4
IT_343717,6083.6
IT_343729,2829.2
IT_343736,5022.0
IT_343746,3990.0
IT_343749,3873.8
IT_343757,3287.2
IT_343762,2334.4
IT_343765,4215.4
IT_343807,5044.2
IT_343839,7517.4
IT_343854,666.4
IT_343890,4127.8
IT_343928,6746.0
IT_343933,4164.0
IT_343934,3167.8
IT_343936,3829.2
IT_343938,4741.0
IT_343997,4744.2
IT_344090,6238.0
IT_344095,4140.2
IT_344097,2930.4
IT_344107,4513.2
IT_344110,6022.6
IT_344121,4057.4
IT_344130,4197.0
IT_344133,4836.6
IT_344135,2325.2
IT_344138,6545.8
IT_344152,4159.4
IT_344216,8214.8
IT_344231,815.4
IT_344271,3222.0
IT_344286,6594.4
IT_344291,4030.6
IT_344292,6149.0
IT_344316,4206.6
IT_344320,2594.6
IT_344321,5107.0
IT_344327,3297.2
IT_344330,2444.4
IT_344421,8944.0
IT_344467,11323.2
IT_344471,3296.0
IT_344474,6600.0
IT_344495,2616.4
IT_344508,7370.2
IT_344518,3490.0
IT_344522,3604.4
IT_344526,5331.4
IT_344529,2708.6
IT_344536,6346.4
IT_344574,4158.0
IT_344609,3230.8
IT_344613,4477.4
IT_344660,3915.8
IT_344684,2537.4
IT_344685,4943.8
IT_344693,2492.2
IT_344764,4732.8
IT_344773,4582.4
IT_344783,4604.6
IT_344788,3353.8
IT_344821,11323.2
IT_344845,11323.2
IT_344887,9515.8
IT_344891,3360.8
IT_344908,4328.0
IT_344936,2869.4
IT_344937,5065.8
IT_344944,4288.8
IT_344983,3707.6
IT_344985,5232.4
IT_345071,4430.2
IT_345098,3617.4
IT_345108,5829.0
IT_345117,3634.0
IT_345120,2472.0
IT_345125,3912.8
IT_345129,3644.4
IT_345301,3704.8
IT_345304,3983.6
IT_345307,3819.8
IT_345308,3322.8
IT_345317,4154.2
IT_345319,4732.8
IT_345350,3666.8
IT_345366,3460.4
IT_345394,9509.6
IT_345412,1242.8
IT_345451,7615.8
IT_345452,5017.4
IT_345475,3363.0
IT_345485,4159.4
IT_345488,6270.6
IT_345493,4468.0
IT_345498,4627.2
IT_345501,3634.0
IT_345504,3233.8
IT_345509,3212.8
IT_345510,5352.6
IT_345565,7641.6
IT_345582,10245.2
IT_345589,6179.4
IT_345601,1040.2
IT_345609,1834.2
IT_345616,3535.0
IT_345633,3881.0
IT_345650,4488.4
IT_345652,3862.6
IT_345656,2839.0
IT_345666,2639.6
IT_345678,6099.6
IT_345683,4791.4
IT_345687,5220.0
IT_345690,4001.4
IT_345692,2867.4
IT_345693,3505.0
IT_345700,5543.0
IT_345710,4058.8
IT_345740,5851.0
IT_345784,650.6
IT_345828,3173.2
IT_345850,6059.2
IT_345851,4403.2
IT_345857,3338.2
IT_345866,4159.0
IT_345888,3081.4
IT_345942,3702.8
IT_345947,7420.2
IT_345950,4258.0
IT_345951,5153.4
IT_345984,2629.2
IT_345986,5322.6
IT_346073,5334.6
IT_346081,2685.6
IT_346091,3494.8
IT_346104,3223.2
IT_346108,4591.8
IT_346117,3881.6
IT_346147,5703.6
IT_346255,3236.0
IT_346258,2892.6
IT_346276,6657.4
IT_346281,3342.8
IT_346283,5508.8
IT_346284,4711.4
IT_346293,8074.8
IT_346389,3285.8
IT_346412,5862.4
IT_346428,4239.6
IT_346429,3945.0
IT_346432,3305.6
IT_346444,4436.8
IT_346453,7428.2
IT_346459,3813.6
IT_346460,2761.6
IT_346464,5080.6
IT_346467,3257.0
IT_346469,3075.0
IT_346476,5317.0
IT_346510,3458.6
IT_346578,3746.2
IT_346583,4728.4
IT_346606,5386.8
IT_346676,7439.2
IT_346690,8143.2
IT_346746,4213.8
IT_346750,4988.8
IT_346777,4712.6
IT_346782,5043.2
IT_346787,3252.0
IT_346794,2848.8
IT_346886,4818.0
IT_346898,5552.6
IT_346926,4488.4
IT_346938,5320.0
IT_346953,4223.8
IT_346956,3212.6
IT_346960,5382.6
IT_346964,4020.6
IT_346966,4126.4
IT_346967,3212.8
IT_346974,6739.4
IT_346997,1657.2
IT_347010,4206.0
IT_347029,3061.8
IT_347035,4310.8
IT_347038,7151.8
IT_347042,5950.0
IT_347078,2413.4
IT_347179,2503.6
IT_347192,4513.6
IT_347198,3726.0
IT_347209,6623.8
IT_347214,4935.8
IT_347215,3212.6
IT_347218,4776.8
IT_347222,4967.6
IT_347231,5817.4
IT_347232,4007.0
IT_347234,2908.8
IT_347240,4992.4
IT_347269,2901.6
IT_347273,4763.4
IT_347295,3834.2
IT_347302,7564.4
IT_347321,5595.4
IT_347393,5247.8
IT_347401,3220.6
IT_347446,5081.6
IT_347525,3265.8
IT_347529,7051.0
IT_347536,5145.6
IT_347537,5869.0
IT_347542,5436.4
IT_347550,5168.2
IT_347650,850.0
IT_347700,1131.4
IT_347704,4853.4
IT_347705,4844.8
IT_347715,1342.2
IT_347724,4967.6
IT_347726,3742.4
IT_347730,5574.0
IT_347732,3619.6
IT_347741,6531.4
IT_347760,5849.4
IT_347845,6734.8
IT_347849,3425.6
IT_347864,4438.2
IT_347866,2880.6
IT_347870,5686.8
IT_347893,4563.0
IT_347898,4465.8
IT_347906,5486.2
IT_347918,4164.4
IT_348028,3487.4
IT_348031,3095.4
IT_348042,2700.8
IT_348062,2592.8
IT_348065,5686.0
IT_348067,3281.0
IT_348082,6645.2
IT_348084,4800.6
IT_348123,3694.4
IT_348150,3569.0
IT_348156,2996.6
IT_348157,2622.2
IT_348162,5472.8
IT_348242,986.4
IT_348257,5811.2
IT_348287,6672.8
IT_348296,6551.8
IT_348318,3819.2
IT_348322,5591.0
IT_348339,6655.0
IT_348370,6835.8
IT_348400,6492.2
IT_348404,11323.2
IT_348428,3716.8
IT_348482,4518.0
IT_348495,6932.4
IT_348496,6471.6
IT_348502,4100.8
IT_348506,5510.8
IT_348508,6554.0
IT_348511,3958.8
IT_348515,3061.6
IT_348516,5220.4
IT_348526,3725.0
IT_348557,6448.2
IT_348599,3597.2
IT_348608,5264.6
IT_348617,6428.2
IT_348650,4601.6
IT_348652,2357.0
IT_348661,3696.2
IT_348692,3338.2
IT_348695,7963.2
IT_348714,5689.6
IT_348728,5495.2
IT_348792,3107.2
IT_348842,3406.8
IT_348851,5084.0
IT_348853,3824.0
IT_348857,6579.4
IT_348866,6209.0
IT_348870,5247.8
IT_348872,5347.6
IT_348877,3250.4
IT_348878,3568.4
IT_348880,3065.6
IT_348882,2622.2
IT_348884,7235.2
IT_348948,7130.0
IT_348971,5755.6
IT_348972,3714.2
IT_349018,3613.4
IT_349048,5408.0
IT_349055,2374.4
IT_349060,3163.0
IT_349063,7065.4
IT_349083,5537.2
IT_349135,888.0
IT_349140,5518.6
IT_349166,2781.2
IT_349171,5363.6
IT_349172,3518.0
IT_349184,2251.2
IT_349189,3633.2
IT_349191,3415.4
IT_349197,3634.0
IT_349207,3304.6
IT_349208,6628.6
IT_349211,7133.0
IT_349212,8024.6
IT_349219,4991.0
IT_349283,4982.0
IT_349285,4436.8
IT_349297,4721.2
IT_349301,3823.4
IT_349331,2513.8
IT_349333,4945.6
IT_349414,5589.0
IT_349429,2972.4
IT_349443,6966.2
IT_349451,6053.2
IT_349454,5051.6
IT_349456,2562.0
IT_349457,4967.6
IT_349461,5677.2
IT_349464,3022.4
IT_349466,2595.4
IT_349469,2684.8
IT_349510,4840.6
IT_349514,5065.0
IT_349620,3103.2
IT_349622,4096.8
IT_349624,2822.0
IT_349653,4764.2
IT_349655,5111.8
IT_349661,4568.6
IT_349662,2944.4
IT_349675,5234.2
IT_349757,7517.4
IT_349771,2610.8
IT_349804,3157.8
IT_349834,7054.8
IT_349841,3638.6
IT_349848,4932.6
IT_349850,3000.2
IT_349854,2816.0
IT_349857,6322.4
IT_349895,3212.8
IT_349980,3870.6
IT_349997,3637.2
IT_349998,4485.4
IT_350005,3084.8
IT_350021,4540.8
IT_350025,5049.8
IT_350027,5299.8
IT_350035,3210.0
IT_350037,2749.2
IT_350139,623.2
IT_350183,4523.8
IT_350190,4991.2
IT_350197,4513.6
IT_350202,9031.0
IT_350203,3441.0
IT_350204,6869.0
IT_350216,4055.0
IT_350225,4287.0
IT_350228,2869.4
IT_350229,5546.2
IT_350234,4096.6
IT_350235,2753.4
IT_350239,2516.4
IT_350246,3156.6
IT_350361,4546.6
IT_350379,2327.2
IT_350397,6026.4
IT_350410,3140.8
IT_350414,5159.0
IT_350420,3617.4
IT_350440,5144.8
IT_350484,3485.0
IT_350497,5817.4
IT_350501,4363.6
IT_350519,4020.6
IT_350594,10961.8
IT_350631,5153.8
IT_350658,3380.8
IT_350661,2503.4
IT_350666,3097.2
IT_350690,3794.4
IT_350694,5114.6
IT_350695,5795.4
IT_350699,3239.2
IT_350772,7872.4
IT_350774,11323.2
IT_350789,918.2
IT_350833,2895.0
IT_350834,7235.4
IT_350836,6022.6
IT_350841,4991.2
IT_350843,2592.8
IT_350845,5796.0
IT_350847,5168.2
IT_350863,7347.4
IT_350866,5571.4
IT_350870,3687.6
IT_350871,3692.4
IT_350878,4739.6
IT_350880,3239.2
IT_350888,5862.0
IT_350900,2400.6
IT_350923,3948.8
IT_350994,6560.0
IT_351034,5084.0
IT_351040,2530.0
IT_351044,4435.8
IT_351051,5567.2
IT_351054,5131.8
IT_351057,5510.8
IT_351060,3281.0
IT_351062,5018.2
IT_351063,4529.8
IT_351064,3065.6
IT_351068,6451.4
IT_351098,4676.2
IT_351188,4217.6
IT_351194,3738.0
IT_351195,4382.0
IT_351196,4829.4
IT_351200,5528.0
IT_351206,5765.8
IT_351214,6560.2
IT_351224,6490.4
IT_351226,3764.6
IT_351228,2537.4
IT_351239,2478.2
IT_351310,6940.6
IT_351313,4140.0
IT_351364,6900.2
IT_351400,2407.4
IT_351408,2952.0
IT_351411,6393.6
IT_351418,2789.6
IT_351419,3683.6
IT_351421,5471.6
IT_351422,4280.4
IT_351424,4987.2
IT_351427,4551.4
IT_351429,4522.4
IT_351430,3926.8
IT_351462,5523.8
IT_351481,7886.8
IT_351499,1737.4
IT_351541,2530.2
IT_351543,5311.2
IT_351565,4159.0
IT_351573,6913.4
IT_351659,2428.0
IT_351664,3533.4
IT_351670,4265.6
IT_351674,5197.6
IT_351772,3210.0
IT_351849,4705.2
IT_351866,5847.0
IT_351878,8008.8
IT_351894,4012.0
IT_351897,2709.6
IT_351902,4863.2
IT_351924,5590.8
IT_351925,5212.0
IT_351933,5214.6
IT_351937,2906.6
IT_352036,843.8
IT_352041,4429.6
IT_352079,4859.0
IT_352081,5140.8
IT_352082,6272.6
IT_352090,7720.0
IT_352110,5299.8
IT_352118,3801.6
IT_352164,7133.0
IT_352221,1006.6
IT_352243,2020.0
IT_352263,3082.6
IT_352266,4170.4
IT_352274,7021.8
IT_352276,3732.0
IT_352282,4891.0
IT_352284,5317.8
IT_352300,6179.0
IT_352305,5471.6
IT_352307,3382.2
IT_352308,4604.6
IT_352314,5432.6
IT_352318,3084.8
IT_352319,3221.6
IT_352326,6396.2
IT_352360,3478.2
IT_352416,1195.8
IT_352421,5596.8
IT_352446,8008.8
IT_352465,3038.8
IT_352468,5186.6
IT_352470,2321.8
IT_352473,3299.0
IT_352474,4844.8
IT_352503,5780.6
IT_352508,5369.8
IT_352510,2937.8
IT_352513,2383.2
IT_352518,5524.0
IT_352522,2700.4
IT_352526,6256.6
IT_352597,596.6
IT_352656,1035.0
IT_352668,5352.8
IT_352671,8266.0
IT_352677,4929.0
IT_352681,6226.8
IT_352729,3379.0
IT_352750,7283.0
IT_352754,4844.8
IT_352762,6471.6
IT_352773,3296.4
IT_352780,4542.2
IT_352782,4635.8
IT_352802,4861.6
IT_352815,6659.6
IT_352877,4178.4
IT_352910,4859.0
IT_352915,6992.0
IT_352925,2647.0
IT_352927,4822.6
IT_352941,5276.2
IT_352944,4766.8
IT_352947,2503.6
IT_352957,2781.2
IT_352965,6752.6
IT_352971,3713.6
IT_353011,6046.8
IT_353029,408.8
IT_353034,6245.4
IT_353048,8704.8
IT_353065,5844.8
IT_353069,3616.4
IT_353075,4489.2
IT_353077,6645.2
IT_353079,5757.4
IT_353084,2986.4
IT_353096,5585.2
IT_353100,5532.8
IT_353103,4975.2
IT_353106,4463.0
IT_353111,4165.6
IT_353112,5359.8
IT_353124,3617.4
IT_353191,7567.6
IT_353193,482.8
IT_353219,4482.6
IT_353230,3702.0
IT_353239,3315.0
IT_353244,3344.6
IT_353247,2937.8
IT_353270,3742.4
IT_353279,3662.2
IT_353281,4465.6
IT_353327,6127.6
IT_353370,6691.4
IT_353373,482.4
IT_353377,4751.8
IT_353393,2020.0
IT_353431,3422.2
IT_353432,5481.0
IT_353437,3554.2
IT_353439,2961.6
IT_353459,5121.0
IT_353462,5601.4
IT_353465,5117.8
IT_353475,5697.8
IT_353504,8746.2
IT_353524,4830.4
IT_353551,6410.2
IT_353555,6321.2
IT_353571,893.6
IT_353576,5164.4
IT_353581,2486.8
IT_353605,6104.6
IT_353641,4822.6
IT_353659,6412.8
IT_353662,5762.6
IT_353667,1858.6
IT_353672,4627.4
IT_353673,3505.0
IT_353689,4894.2
IT_353719,7739.0
IT_353760,4895.4
IT_353782,4136.2
IT_353801,2592.8
IT_353803,6672.8
IT_353822,5275.8
IT_353826,6316.4
IT_353831,4818.4
IT_353834,3233.8
IT_353893,6204.2
IT_353901,3787.8
IT_353913,6007.4
IT_353915,4838.6
IT_353920,4982.0
IT_353938,4976.6
IT_353939,2937.8
IT_353947,3565.8
IT_353972,3137.0
IT_353988,1722.8
IT_354010,4915.2
IT_354064,4513.2
IT_354066,3082.6
IT_354070,5075.8
IT_354081,7719.6
IT_354087,5067.6
IT_354088,4775.0
IT_354091,4534.8
IT_354094,2282.6
IT_354101,5934.0
IT_354111,4653.0
IT_354117,5037.2
IT_354183,1976.2
IT_354189,7063.4
IT_354214,3511.0
IT_354231,5084.2
IT_354267,2880.6
IT_354272,4209.2
IT_354277,6223.8
IT_354297,6720.6
IT_354299,5647.6
IT_354305,4787.6
IT_354307,4002.2
IT_354325,4467.2
IT_354403,4818.0
IT_354418,4549.0
IT_354447,3666.8
IT_354457,3945.8
IT_354469,6967.8
IT_354474,6913.4
IT_354482,6467.8
IT_354487,2478.2
IT_354495,3687.6
IT_354571,7081.4
IT_354598,3769.6
IT_354629,3666.8
IT_354630,3671.8
IT_354636,2744.8
IT_354641,3304.6
IT_354643,4600.2
IT_354647,4945.2
IT_354666,5757.4
IT_354670,4732.8
IT_354674,3281.0
IT_354676,5318.6
IT_354677,3491.2
IT_354680,4928.8
IT_354769,4107.6
IT_354786,5313.8
IT_354813,2920.4
IT_354822,3123.2
IT_354840,1248.8
IT_354844,7021.2
IT_354848,6346.2
IT_354850,2300.4
IT_354851,5217.0
IT_354868,6976.0
IT_354892,887.4
IT_354926,11231.6
IT_354976,6272.4
IT_354985,4778.8
IT_355014,6560.0
IT_355067,6431.0
IT_355079,5477.0
IT_355100,6087.6
IT_355106,5200.4
IT_355111,7615.0
IT_355129,6153.6
IT_355200,3968.6
IT_355228,6270.6
IT_355234,6351.0
IT_355240,4863.2
IT_355251,2700.4
IT_355258,6912.6
IT_355265,4580.0
IT_355267,4735.8
IT_355269,4619.0
IT_355274,3174.4
IT_355277,2789.6
IT_355344,5399.6
IT_355360,5552.6
IT_355388,5697.8
IT_355395,3165.2
IT_355397,4976.6
IT_355420,4828.6
IT_355426,2753.4
IT_355447,5545.2
IT_355467,5167.0
IT_355491,7129.8
IT_355506,667.0
IT_355536,5621.6
IT_355555,4112.0
IT_355556,3538.2
IT_355559,3506.6
IT_355593,2700.4
IT_355599,5878.0
IT_355629,5000.4
IT_355683,4028.2
IT_355693,5009.2
IT_355713,761.6
IT_355717,4112.0
IT_355723,3031.8
IT_355730,7008.4
IT_355751,5663.0
IT_355754,4490.8
IT_355756,5691.4
IT_355757,2647.0
IT_355765,3824.0
IT_355766,2213.6
IT_355767,2601.6
IT_355853,465.0
IT_355859,4614.0
IT_355868,2103.2
IT_355874,2768.6
IT_355883,3415.0
IT_355894,3554.2
IT_355908,4773.0
IT_355910,5779.0
IT_355935,4860.2
IT_355945,3929.0
IT_355947,3959.0
IT_355949,4877.4
IT_356017,5609.2
IT_356037,5595.8
IT_356038,5001.0
IT_356084,7310.6
IT_356109,5696.8
IT_356113,6684.4
IT_356116,5513.4
IT_356119,5079.2
IT_356129,3065.6
IT_356130,5200.2
IT_356168,5846.6
IT_356178,3488.6
IT_356197,5837.8
IT_356211,5948.0
IT_356218,6554.0
IT_356222,4928.8
IT_356262,5507.2
IT_356359,4484.6
IT_356380,6089.0
IT_356390,7254.2
IT_356396,4446.4
IT_356397,5495.6
IT_356398,6834.2
IT_356401,6611.2
IT_356430,9031.0
IT_356442,3037.2
IT_356462,1395.4
IT_356467,5215.0
IT_356498,2756.2
IT_356507,5812.6
IT_356519,4807.8
IT_356522,5434.2
IT_356527,3097.2
IT_356530,5181.4
IT_356547,5560.6
IT_356552,3212.6
IT_356650,736.2
IT_356653,3691.8
IT_356673,5587.0
IT_356692,2383.2
IT_356696,5113.6
IT_356723,5757.4
IT_356725,3132.0
IT_356726,4977.0
IT_356754,5779.0
IT_356807,1222.6
IT_356845,5311.2
IT_356849,7368.4
IT_356877,5857.6
IT_356881,6351.0
IT_356887,7021.8
IT_356900,4916.4
IT_356913,5224.6
IT_356916,2270.8
IT_356918,7647.0
IT_356920,3744.6
IT_356922,5965.8
IT_356924,4002.2
IT_356925,5200.2
IT_356929,2954.4
IT_356931,4382.4
IT_357002,4964.2
IT_357014,5815.6
IT_357020,6350.6
IT_357022,792.8
IT_357027,3637.0
IT_357081,6759.6
IT_357097,6013.4
IT_357108,6368.2
IT_357114,2775.6
IT_357116,5031.8
IT_357119,6596.0
IT_357121,3754.8
IT_357122,6611.8
IT_357131,4605.4
IT_357147,7608.6
IT_357161,4562.8
IT_357168,6441.4
IT_357169,9861.6
IT_357182,1272.8
IT_357184,6828.8
IT_357211,4709.2
IT_357225,4842.2
IT_357232,7329.0
IT_357259,2478.2
IT_357261,5627.0
IT_357271,3816.2
IT_357280,5241.4
IT_357284,4787.4
IT_357286,2547.8
IT_357291,2401.4
IT_357336,7566.0
IT_357379,5417.2
IT_357426,1713.0
IT_357470,5552.6
IT_357488,2061.8
IT_357497,4605.0
IT_357507,5211.8
IT_357512,6149.8
IT_357515,6631.8
IT_357518,5082.4
IT_357526,3440.8
IT_357527,5799.4
IT_357533,3914.0
IT_357552,5336.6
IT_357602,1837.0
IT_357606,4991.0
IT_357632,4262.8
IT_357645,5834.6
IT_357667,4466.6
IT_357669,2383.2
IT_357687,5438.0
IT_357695,6236.8
IT_357700,5161.2
IT_357750,5554.2
IT_357772,6158.4
IT_357774,6438.0
IT_357796,7352.8
IT_357802,3655.0
IT_357825,6137.4
IT_357849,3148.4
IT_357854,7206.4
IT_357855,2478.2
IT_357868,4310.8
IT_357877,6609.0
IT_357879,5868.2
IT_357889,5758.2
IT_357894,5678.2
IT_357920,3585.8
IT_357935,4864.8
IT_357963,488.4
IT_357966,5256.0
IT_357973,6046.8
IT_357985,5364.0
IT_358008,3342.0
IT_358023,9327.4
IT_358040,5481.0
IT_358062,6226.8
IT_358090,454.4
IT_358093,4480.4
IT_358127,7128.6
IT_358133,7329.0
IT_358174,3242.8
IT_358178,5462.2
IT_358194,477.6
IT_358217,5716.2
IT_358223,3343.6
IT_358237,7581.4
IT_358253,6342.0
IT_358254,3422.4
IT_358273,7395.2
IT_358282,5835.2
IT_358327,454.4
IT_358330,7237.8
IT_358332,5638.0
IT_358357,2017.6
IT_358373,6324.0
IT_358379,2537.4
IT_358416,4862.4
IT_358433,477.6
IT_358460,9031.0
IT_358477,7187.0
IT_358495,3210.0
IT_358501,2349.8
IT_358508,6305.8
IT_358519,3220.0
IT_358535,5574.2
IT_358536,2753.4
IT_358537,5950.0
IT_358542,5335.4
IT_358543,4106.8
IT_358545,2980.4
IT_358615,3750.2
IT_358621,11323.2
IT_358637,2238.0
IT_358659,4367.8
IT_358668,7198.6
IT_358685,3637.2
IT_358691,5704.4
IT_358694,6633.2
IT_358695,5940.8
IT_358697,2854.0
IT_358704,5470.0
IT_358707,4825.2
IT_358717,5571.4
IT_358723,6214.2
IT_358794,451.0
IT_358796,6363.6
IT_358798,5392.8
IT_358847,8191.6
IT_358853,4652.0
IT_358871,3615.0
IT_358873,4984.8
IT_358875,5844.8
IT_358878,5826.0
IT_358881,5043.0
IT_358886,6068.8
IT_358902,3367.4
IT_358910,2937.8
IT_358918,6288.6
IT_358925,6031.0
IT_358950,2952.0
IT_358964,7171.8
IT_359010,2220.8
IT_359025,5938.8
IT_359037,6284.4
IT_359044,7963.2
IT_359067,4056.4
IT_359076,3746.2
IT_359099,4470.2
IT_359101,5951.4
IT_359102,1932.8
IT_359107,6774.4
IT_359109,3084.8
IT_359110,4828.0
IT_359116,7187.0
IT_359125,4055.0
IT_359175,454.4
IT_359177,6215.2
IT_359183,4975.0
IT_359202,2928.2
IT_359208,1101.4
IT_359223,7368.4
IT_359230,6900.2
IT_359244,4844.8
IT_359249,4424.0
IT_359259,4436.8
IT_359273,6925.2
IT_359278,5815.2
IT_359290,6476.2
IT_359291,2756.8
IT_359292,5489.6
IT_359308,3632.6
IT_359357,446.0
IT_359360,6284.0
IT_359364,7641.4
IT_359365,2160.2
IT_359370,3801.0
IT_359384,3894.8
IT_359392,4718.8
IT_359401,5673.6
IT_359405,5707.6
IT_359406,6290.6
IT_359421,6106.4
IT_359431,3905.2
IT_359437,5507.6
IT_359442,2639.6
IT_359443,5632.0
IT_359446,7801.0
IT_359447,5299.6
IT_359454,5829.0
IT_359496,6121.0
IT_359511,6315.2
IT_359520,5366.8
IT_359537,8029.6
IT_359549,2700.8
IT_359562,6227.0
IT_359579,1637.8
IT_359594,5245.0
IT_359600,425.2
IT_359605,8866.0
IT_359654,6124.6
IT_359671,5412.4
IT_359675,5036.8
IT_359685,7416.8
IT_359692,2444.6
IT_359699,7460.4
IT_359702,6341.0
IT_359710,6633.6
IT_359711,2332.0
IT_359718,6356.6
IT_359720,4807.8
IT_359729,2900.0
IT_359764,2962.2
IT_359794,446.0
IT_359795,3840.4
IT_359797,6621.4
IT_359816,4397.8
IT_359823,5447.4
IT_359848,8024.6
IT_359862,4523.8
IT_359863,7742.8
IT_359866,4078.6
IT_359867,5236.0
IT_359879,7347.8
IT_359883,4760.8
IT_359894,5477.0
IT_359904,5274.6
IT_359905,3221.6
IT_359910,6945.0
IT_359913,4877.0
IT_359915,2473.2
IT_359919,9031.0
IT_359927,5473.8
IT_359932,5415.6
IT_359972,8098.2
IT_359978,454.4
IT_360000,2653.8
IT_360001,2106.8
IT_360006,3817.4
IT_360021,5812.6
IT_360044,3702.0
IT_360047,7312.6
IT_360053,3057.2
IT_360069,6649.6
IT_360074,5505.4
IT_360097,5537.8
IT_360142,6516.2
IT_360156,5350.6
IT_360163,4656.2
IT_360183,2765.6
IT_360190,3357.8
IT_360216,5071.2
IT_360235,6967.8
IT_360240,5080.6
IT_360254,4822.6
IT_360260,7233.6
IT_360274,3084.8
IT_360287,4962.0
IT_360289,3061.6
IT_360306,5075.4
IT_360358,4753.6
IT_360363,9861.6
IT_360378,6635.0
IT_360398,5296.8
IT_360424,5938.6
IT_360428,4836.6
IT_360434,3157.8
IT_360449,3165.2
IT_360461,7114.4
IT_360466,6792.6
IT_360481,4618.2
IT_360483,4410.8
IT_360526,2468.4
IT_360566,5939.0
IT_360570,7481.2
IT_360603,2797.6
IT_360610,1858.6
IT_360634,5937.0
IT_360636,5664.0
IT_360643,6884.8
IT_360645,6218.6
IT_360648,4752.8
IT_360652,6403.8
IT_360655,3568.8
IT_360697,6449.0
IT_360713,5994.8
IT_360722,6513.6
IT_360724,6967.8
IT_360726,3934.2
IT_360731,3905.2
IT_360748,3210.0
IT_360749,3265.8
IT_360814,5528.4
IT_360817,4429.0
IT_360842,4718.8
IT_360863,4656.4
IT_360867,3210.2
IT_360869,6408.6
IT_360872,4310.8
IT_360895,4893.0
IT_360901,5681.8
IT_360907,4160.6
IT_360909,3538.2
IT_360912,6785.8
IT_360951,2819.2
IT_360954,6227.4
IT_360956,5768.2
IT_360974,8029.6
IT_360999,5544.6
IT_361004,3384.4
IT_361015,3558.6
IT_361017,4781.2
IT_361037,3568.8
IT_361048,3306.8
IT_361053,1654.4
IT_361066,4966.2
IT_361080,6655.8
IT_361083,5274.6
IT_361084,4732.8
IT_361087,5143.2
IT_361089,4474.6
IT_361106,8013.4
IT_361131,4889.4
IT_361153,426.0
IT_361174,4140.4
IT_361179,4028.2
IT_361220,7336.0
IT_361223,6789.0
IT_361226,2530.0
IT_361256,6410.8
IT_361258,6030.6
IT_361264,6611.8
IT_361266,4808.4
IT_361273,7420.0
IT_361313,454.4
IT_361316,4317.8
IT_361337,3355.6
IT_361338,4140.4
IT_361358,5704.4
IT_361360,5288.2
IT_361392,4452.6
IT_361406,4712.4
IT_361415,4020.0
IT_361418,7204.0
IT_361471,6339.0
IT_361473,4817.4
IT_361513,3734.0
IT_361525,3601.0
IT_361538,6569.6
IT_361554,4866.0
IT_361566,6228.6
IT_361569,5672.6
IT_361570,3533.4
IT_361593,5224.0
IT_361594,3131.2
IT_361595,5773.4
IT_361603,3110.2
IT_361634,426.0
IT_361651,5528.4
IT_361656,4853.2
IT_361668,6068.2
IT_361691,5122.0
IT_361694,2478.2
IT_361699,7283.6
IT_361719,5817.4
IT_361723,6286.4
