Image_path,Insurance_company,Cost_of_vehicle,Min_coverage,Expiry_date,Max_coverage,Condition,Amount
img_4513976.jpg,BQ,41500,1037.5,12/3/2026,36142.68,0,0
img_7764995.jpg,BQ,50700,1267.5,7/10/2025,12753,1,6194
img_451308.jpg,A,49500,1237.5,8/11/2022,43102.68,0,0
img_7768372.jpg,A,33500,837.5,8/2/2022,8453,1,7699
img_7765274.jpg,AC,27600,690,5/1/2026,6978,1,8849
img_4537770.jpg,AC,50700,1267.5,8/7/2026,12753,1,253
img_7765649.jpg,AC,53200,1330,1/12/2028,13378,1,4013
img_4518199.jpg,BC,35700,892.5,11/16/2027,9003,1,2228
img_7767281.jpg,DA,,,6/7/2028,,1,513
img_4638641.jpg,BB,48200,1205,9/4/2024,12128,1,6384
img_4516058.jpg,DA,23100,577.5,6/8/2023,5853,1,9634
img_4518648.jpg,C,30100,752.5,9/20/2026,7603,1,2435
img_7766913.jpg,O,33700,842.5,1/13/2028,8503,1,2812
img_7767681.jpg,DA,,,5/28/2026,,1,7983
img_4536138.jpg,C,,,1/12/2022,,1,6532
img_4518874.jpg,BC,44500,1112.5,3/9/2026,11203,1,8826
img_4635293.jpg,BQ,51500,1287.5,3/27/2027,12953,1,5805
img_7765970.jpg,AC,23900,597.5,11/17/2024,20830.68,0,0
img_7762199.jpg,AC,51000,1275,12/17/2025,44407.68,0,0
img_4535519.jpg,B,45200,1130,4/13/2024,11378,1,6914
img_7767990.jpg,A,47000,1175,4/13/2028,11828,1,3554
img_4636799.jpg,AC,,,4/13/2027,,1,470
img_4632686.jpg,A,51000,1275,3/7/2026,44407.68,0,0
img_7768147.jpg,O,,,8/21/2024,,1,7870
img_4535509.jpg,BC,25000,625,12/9/2027,6328,1,1000
img_4535313.jpg,AA,45400,1135,1/19/2028,11428,1,3478
img_7767301.jpg,DA,,,4/4/2024,,1,2719
img_4634520.jpg,BQ,36300,907.5,2/24/2024,9153,1,5672
img_4637794.jpg,BC,43200,1080,3/16/2026,10878,1,6256
img_4511760.jpg,BQ,43300,1082.5,4/16/2028,37708.68,0,0
img_4638583.jpg,O,42300,1057.5,12/29/2026,10653,1,2181
img_7766747.jpg,DA,41800,1045,5/14/2025,10528,1,305
img_7767634.jpg,BC,37500,937.5,11/1/2028,9453,1,3470
img_4634006.jpg,BQ,51800,1295,3/10/2022,45103.68,0,0
img_4635315.jpg,BB,22800,570,8/17/2022,5778,1,3598
img_4518647.jpg,BB,,,8/5/2024,,1,4513
img_4514720.jpg,RE,41900,1047.5,5/26/2022,10553,1,8574
img_4518390.jpg,RE,,,12/30/2026,,1,5503
img_4516826.jpg,RE,35600,890,8/6/2027,8978,1,5999
img_4634526.jpg,BQ,36900,922.5,10/4/2023,9303,1,10598
img_7766892.jpg,DA,31100,777.5,12/29/2027,7853,1,4321
img_4538196.jpg,AA,,,2/4/2028,,1,1803
img_4517202.jpg,B,45900,1147.5,10/17/2024,11553,1,6170
img_4636586.jpg,BQ,51400,1285,7/13/2027,12928,1,3745
img_4515867.jpg,BQ,24600,615,5/15/2026,21439.68,0,0
img_4637766.jpg,DA,,,3/28/2024,,1,5951
img_7767424.jpg,BC,43500,1087.5,2/24/2023,10953,1,4221
img_7768927.jpg,RE,30100,752.5,4/11/2024,7603,1,2813
img_4535185.jpg,C,40900,1022.5,5/5/2025,10303,1,6737
img_4515236.jpg,C,43700,1092.5,10/26/2026,11003,1,3289
img_4636599.jpg,RE,38300,957.5,12/17/2022,9653,1,4991
img_4516363.jpg,O,35500,887.5,11/11/2028,8953,1,9093
img_4534505.jpg,AC,51800,1295,6/8/2027,13028,1,5485
img_7765429.jpg,O,46000,1150,1/11/2026,11578,1,5638
img_4537743.jpg,BQ,49200,1230,2/3/2023,12378,1,1018
img_4535263.jpg,O,37000,925,12/4/2026,32227.68,0,0
img_4538633.jpg,RE,39600,990,12/12/2026,9978,1,5108
img_4538102.jpg,A,,,11/30/2023,,1,3791
img_7765969.jpg,A,41100,1027.5,9/14/2028,10353,1,6555
img_4517623.jpg,AA,35900,897.5,11/21/2025,9053,1,5177
img_4635057.jpg,O,,,10/14/2024,,1,1785
img_4537170.jpg,C,45400,1135,1/16/2026,11428,1,3202
img_4534867.jpg,RE,31200,780,12/22/2021,7878,1,2904
img_4516954.jpg,BB,33000,825,3/20/2027,8328,1,6767
img_7766040.jpg,BQ,51400,1285,1/23/2022,12928,1,2653
img_4536981.jpg,BC,50000,1250,11/9/2024,12578,1,7055
img_4638321.jpg,AC,45000,1125,11/3/2028,11328,1,5682
img_7765387.jpg,C,41200,1030,12/12/2026,10378,1,2972
img_4638960.jpg,BQ,36600,915,12/27/2021,9228,1,2716
img_7766299.jpg,C,28700,717.5,8/14/2027,7253,1,672
img_4636575.jpg,A,42100,1052.5,1/20/2024,10603,1,7627
img_4535665.jpg,BQ,45700,1142.5,5/8/2024,11503,1,825
img_4537837.jpg,AA,42600,1065,11/22/2028,10728,1,9370
img_4516490.jpg,AA,49000,1225,4/4/2025,12328,1,665
img_4634855.jpg,DA,29600,740,1/3/2027,7478,1,4742
img_4536721.jpg,DA,52200,1305,12/18/2024,13128,1,6320
img_7768835.jpg,BQ,37900,947.5,5/28/2024,9553,1,991
img_4515084.jpg,B,50400,1260,5/9/2027,12678,1,4507
img_4634973.jpg,AC,42100,1052.5,1/20/2028,10603,1,2313
img_4536037.jpg,B,25900,647.5,4/5/2024,6553,1,227
img_4633906.jpg,BC,38300,957.5,1/14/2023,33358.68,0,0
img_7768013.jpg,RE,42000,1050,5/25/2024,10578,1,733
img_4638520.jpg,AC,30800,770,12/28/2025,7778,1,440
img_4538608.jpg,RE,25700,642.5,5/3/2027,6503,1,3892
img_4637304.jpg,BQ,44000,1100,3/23/2028,11078,1,7896
img_4637399.jpg,RE,24300,607.5,9/13/2026,6153,1,8488
img_7768905.jpg,A,48800,1220,8/21/2022,12278,1,7298
img_4638411.jpg,RE,29400,735,7/8/2026,7428,1,1573
img_7768598.jpg,RE,30300,757.5,4/25/2027,7653,1,4465
img_4538221.jpg,AC,35500,887.5,1/19/2023,8953,1,3277
img_4636072.jpg,RE,49300,1232.5,9/16/2024,12403,1,716
img_4637933.jpg,RE,36400,910,3/22/2027,9178,1,2587
img_4518990.jpg,AA,50500,1262.5,1/17/2023,12703,1,621
img_4636391.jpg,BB,32500,812.5,6/11/2024,8203,1,459
img_7767238.jpg,B,40200,1005,5/23/2028,10128,1,6385
img_7767420.jpg,AA,24900,622.5,12/30/2027,6303,1,7381
img_4536217.jpg,B,32500,812.5,2/7/2025,8203,1,103
img_4537902.jpg,O,51300,1282.5,10/17/2022,12903,1,3434
img_4518269.jpg,B,51800,1295,5/12/2023,13028,1,5803
img_4638035.jpg,BQ,,,4/8/2025,,1,3769
img_7765953.jpg,RE,45900,1147.5,4/22/2025,11553,1,3117
img_7768302.jpg,O,30200,755,4/5/2023,7628,1,4138
img_7767352.jpg,AC,53000,1325,6/23/2027,13328,1,5903
img_4517580.jpg,A,42000,1050,2/11/2025,10578,1,6864
img_7766738.jpg,AA,37400,935,5/27/2024,9428,1,4786
img_7766818.jpg,B,29800,745,9/17/2023,7528,1,5784
img_4515414.jpg,B,,,3/19/2023,,1,3212
img_4537127.jpg,BC,45700,1142.5,11/30/2023,11503,1,
img_4537913.jpg,BC,53500,1337.5,8/26/2024,13453,1,7109
img_4518863.jpg,DA,,,12/3/2028,,1,4138
img_4538616.jpg,DA,30300,757.5,9/21/2026,7653,1,6091
img_4532780.jpg,B,25700,642.5,9/6/2023,22396.68,0,0
img_4635779.jpg,O,47300,1182.5,10/3/2026,11903,1,8926
img_4514779.jpg,AC,50700,1267.5,11/5/2021,12753,1,4349
img_4538944.jpg,C,36300,907.5,6/1/2026,9153,1,5374
img_4635324.jpg,A,38900,972.5,11/8/2022,9803,1,3476
img_4518002.jpg,BB,25000,625,12/22/2025,6328,1,2550
img_4517173.jpg,AC,27700,692.5,1/11/2025,7003,1,406
img_4635761.jpg,RE,23400,585,7/30/2023,5928,1,4527
img_4638780.jpg,O,30800,770,7/22/2023,7778,1,3130
img_4517267.jpg,RE,41600,1040,11/6/2024,10478,1,948
img_4635549.jpg,O,36100,902.5,1/22/2024,9103,1,3427
img_7768100.jpg,AC,53000,1325,1/2/2022,13328,1,4273
img_4538536.jpg,AA,35500,887.5,5/16/2023,8953,1,5514
img_7766017.jpg,BQ,45900,1147.5,1/24/2024,11553,1,584
img_4515645.jpg,DA,28300,707.5,1/17/2024,7153,1,4543
img_4517535.jpg,BB,34400,860,8/2/2027,8678,1,3815
img_4535773.jpg,O,37600,940,11/1/2022,9478,1,5582
img_4535100.jpg,C,49300,1232.5,10/17/2022,12403,1,4004
img_4516674.jpg,AA,33500,837.5,8/23/2023,8453,1,3804
img_4534841.jpg,O,48900,1222.5,12/30/2022,12303,1,3490
img_7766166.jpg,DA,29500,737.5,4/20/2027,7453,1,6261
img_7768888.jpg,BC,29200,730,2/11/2026,7378,1,5036
img_7764514.jpg,AC,41200,1030,3/19/2026,10378,1,6462
img_4515485.jpg,B,48700,1217.5,12/19/2028,12253,1,4508
img_4637275.jpg,A,29600,740,12/29/2026,7478,1,7970
img_4635356.jpg,BB,44600,1115,11/24/2022,11228,1,7569
img_4538588.jpg,B,38500,962.5,9/23/2024,9703,1,3527
img_7763281.jpg,BB,24100,602.5,11/13/2025,21004.68,0,0
img_7765163.jpg,B,39300,982.5,10/5/2024,9903,1,5409
img_7768710.jpg,BC,46500,1162.5,12/20/2026,11703,1,5555
img_4535832.jpg,DA,40600,1015,5/12/2025,10228,1,662
img_4516807.jpg,O,48300,1207.5,9/11/2027,12153,1,4841
img_4515160.jpg,DA,38700,967.5,5/9/2023,9753,1,1726
img_4535879.jpg,BQ,35800,895,6/26/2026,9028,1,2899
img_7765094.jpg,AC,23500,587.5,5/8/2022,5953,1,5440
img_7767269.jpg,DA,45800,1145,8/20/2028,11528,1,4789
img_7765876.jpg,C,28900,722.5,1/22/2024,7303,1,1573
img_4518784.jpg,BQ,32800,820,9/28/2026,8278,1,
img_4518146.jpg,AC,31700,792.5,1/10/2028,27616.68,0,0
img_4518271.jpg,RE,25100,627.5,9/21/2026,6353,1,8443
img_4635213.jpg,A,47100,1177.5,3/13/2022,11853,1,2841
img_7765048.jpg,DA,29500,737.5,1/17/2027,7453,1,5408
img_4636071.jpg,BC,24100,602.5,10/8/2027,6103,1,8601
img_4637714.jpg,C,27300,682.5,12/15/2026,6903,1,6471
img_4636143.jpg,AC,52700,1317.5,12/15/2026,13253,1,3521
img_7768866.jpg,A,45000,1125,5/25/2028,11328,1,544
img_7768709.jpg,O,53000,1325,5/18/2027,13328,1,5316
img_4515218.jpg,AC,33500,837.5,7/20/2023,8453,1,563
img_7766332.jpg,AC,,,9/27/2027,,1,603
img_4516112.jpg,A,30400,760,12/12/2021,7678,1,3592
img_4517279.jpg,BB,51700,1292.5,1/13/2022,13003,1,634
img_4516723.jpg,BC,40800,1020,4/3/2022,10278,1,7009
img_4537213.jpg,BQ,24400,610,10/14/2027,6178,1,6573
img_4537447.jpg,BC,45000,1125,1/20/2026,11328,1,787
img_4635386.jpg,A,38600,965,9/14/2026,9728,1,6628
img_4535764.jpg,A,43600,1090,10/14/2024,10978,1,5262
img_4536824.jpg,DA,48400,1210,12/8/2027,12178,1,2270
img_4635683.jpg,O,28100,702.5,6/22/2025,7103,1,3957
img_4536152.jpg,AA,,,1/11/2026,,1,5203
img_4535112.jpg,AC,26600,665,12/26/2023,6728,1,6520
img_4538635.jpg,DA,45500,1137.5,7/8/2024,11453,1,100
img_7768048.jpg,AA,41400,1035,11/8/2026,10428,1,7091
img_4634206.jpg,BC,33500,837.5,12/20/2027,29182.68,0,0
img_7761263.jpg,BC,23300,582.5,12/9/2023,20308.68,0,0
img_4514998.jpg,BB,31800,795,1/31/2025,8028,1,5552
img_4637297.jpg,O,27400,685,2/29/2024,6928,1,10427
img_7768558.jpg,B,26500,662.5,2/22/2028,6703,1,2954
img_4535845.jpg,B,40500,1012.5,3/10/2026,10203,1,6197
img_4635703.jpg,O,30000,750,1/29/2026,7578,1,4121
img_4535946.jpg,C,37300,932.5,1/5/2027,9403,1,5767
img_4636936.jpg,DA,40500,1012.5,9/13/2027,10203,1,9855
img_4535119.jpg,B,39400,985,4/27/2026,9928,1,4546
img_4536187.jpg,O,45400,1135,5/5/2027,11428,1,6805
img_4637053.jpg,AA,51600,1290,9/12/2022,12978,1,499
img_4535013.jpg,BC,26600,665,11/24/2025,6728,1,7224
img_4516999.jpg,BQ,,,10/24/2022,,1,8206
img_4517155.jpg,C,39700,992.5,7/3/2027,10003,1,9797
img_7765500.jpg,BC,51000,1275,6/25/2027,12828,1,3090
img_4636005.jpg,A,48700,1217.5,4/26/2028,12253,1,3192
img_4637941.jpg,AC,30500,762.5,10/6/2022,7703,1,415
img_4538260.jpg,BC,34800,870,12/11/2028,8778,1,1018
img_4516685.jpg,AC,30100,752.5,4/25/2028,7603,1,6385
img_4635792.jpg,C,26600,665,12/3/2021,6728,1,925
img_4516526.jpg,A,47400,1185,1/25/2023,11928,1,2931
img_7765120.jpg,DA,24400,610,11/18/2023,6178,1,10539
img_4514598.jpg,BC,27900,697.5,4/19/2025,7053,1,3829
img_4638336.jpg,BQ,45900,1147.5,5/16/2025,11553,1,4336
img_4536131.jpg,DA,30900,772.5,7/2/2024,7803,1,1467
img_4537240.jpg,AC,49700,1242.5,12/17/2025,12503,1,3773
img_4516728.jpg,C,30000,750,3/16/2025,7578,1,4483
img_4537620.jpg,BB,50200,1255,7/21/2023,12628,1,559
img_4637449.jpg,DA,33100,827.5,4/5/2023,8353,1,1074
img_4535962.jpg,B,29300,732.5,8/9/2023,7403,1,8740
img_4517486.jpg,AC,45300,1132.5,5/13/2024,11403,1,3922
img_4531694.jpg,AA,38500,962.5,12/19/2021,33532.68,0,0
img_4516867.jpg,DA,27700,692.5,12/8/2028,7003,1,2860
img_7767450.jpg,DA,25000,625,4/19/2025,6328,1,500
img_4638603.jpg,RE,44700,1117.5,9/29/2027,11253,1,4629
img_4518363.jpg,BC,46900,1172.5,6/5/2023,11803,1,7742
img_7764768.jpg,AA,36500,912.5,9/12/2027,9203,1,3686
img_7767311.jpg,A,40700,1017.5,9/29/2022,10253,1,9724
img_4518251.jpg,O,47100,1177.5,3/1/2023,11853,1,3853
img_4532799.jpg,AC,32700,817.5,11/3/2023,28486.68,0,0
img_4538992.jpg,DA,41400,1035,5/3/2028,10428,1,257
img_7767408.jpg,DA,29500,737.5,12/17/2028,7453,1,1316
img_4635987.jpg,O,40800,1020,6/4/2025,10278,1,6583
img_7761878.jpg,O,30100,752.5,4/13/2022,26224.68,0,0
img_7762221.jpg,A,27900,697.5,8/4/2026,24310.68,0,0
img_4535296.jpg,RE,49700,1242.5,4/2/2023,12503,1,6652
img_4635531.jpg,BC,45600,1140,5/19/2027,11478,1,7397
img_451490.jpg,BQ,33300,832.5,8/15/2024,29008.68,0,0
img_453360.jpg,BB,38400,960,6/2/2025,33445.68,0,0
img_4538360.jpg,BQ,45800,1145,6/24/2026,11528,1,5325
img_4536328.jpg,B,37400,935,11/6/2026,9428,1,4609
img_4633454.jpg,BB,39400,985,7/4/2028,34315.68,0,0
img_4517951.jpg,A,35600,890,5/10/2028,8978,1,2717
img_4537660.jpg,A,50000,1250,12/16/2026,12578,1,615
img_4531551.jpg,DA,35900,897.5,9/16/2024,31270.68,0,0
img_4636257.jpg,BQ,27400,685,5/4/2028,6928,1,2865
img_4517432.jpg,BB,43400,1085,9/6/2028,10928,1,4852
img_4636699.jpg,AA,36200,905,2/10/2023,9128,1,8111
img_4518329.jpg,B,46800,1170,10/5/2028,11778,1,5153
img_4638141.jpg,BQ,43000,1075,7/3/2025,37447.68,0,0
img_4536993.jpg,DA,32400,810,4/3/2023,8178,1,4609
img_7766098.jpg,A,35600,890,10/27/2026,8978,1,3441
img_7764668.jpg,AA,39800,995,3/11/2027,10028,1,4349
img_4636445.jpg,A,25900,647.5,8/9/2024,6553,1,1011
img_4635194.jpg,AC,25000,625,6/23/2026,6328,1,868
img_4516846.jpg,RE,43600,1090,4/18/2025,10978,1,2863
img_7766661.jpg,O,42000,1050,9/22/2025,10578,1,5087
img_4638757.jpg,C,31500,787.5,11/25/2024,7953,1,568
img_4517804.jpg,BB,52200,1305,3/17/2027,13128,1,890
img_4636527.jpg,B,43600,1090,12/17/2023,10978,1,6445
img_7763604.jpg,C,51100,1277.5,1/30/2022,44494.68,0,0
img_7768446.jpg,C,26500,662.5,1/20/2022,6703,1,665
img_4538897.jpg,BC,45500,1137.5,3/1/2027,11453,1,451
img_4536123.jpg,C,50200,1255,4/24/2022,12628,1,5959
img_4515380.jpg,BB,48500,1212.5,7/31/2027,12203,1,3157
img_4515896.jpg,C,,,7/8/2024,,1,3501
img_4637389.jpg,RE,47100,1177.5,1/23/2024,11853,1,2851
img_7765610.jpg,BB,24700,617.5,1/22/2022,6253,1,5090
img_4514974.jpg,BQ,48100,1202.5,3/23/2023,12103,1,8968
img_7768103.jpg,BQ,26500,662.5,3/14/2025,6703,1,807
img_4638496.jpg,B,36300,907.5,3/28/2024,9153,1,5526
img_7767583.jpg,AC,52900,1322.5,7/29/2025,13303,1,4410
img_4636889.jpg,C,36300,907.5,1/31/2022,9153,1,6959
img_4638337.jpg,RE,36500,912.5,2/7/2023,9203,1,536
img_4535245.jpg,BQ,30000,750,12/25/2028,7578,1,6936
img_4536177.jpg,AA,40400,1010,3/28/2028,35185.68,0,0
img_4538708.jpg,B,23100,577.5,9/20/2022,5853,1,6707
img_453178.jpg,BB,30800,770,6/12/2022,26833.68,0,0
img_7764614.jpg,A,38600,965,3/8/2025,9728,1,653
img_4535337.jpg,B,38500,962.5,10/4/2023,9703,1,5551
img_4516880.jpg,BC,27200,680,1/21/2027,6878,1,4184
img_4634342.jpg,C,38100,952.5,3/7/2024,33184.68,0,0
img_4517434.jpg,O,23500,587.5,6/18/2024,5953,1,819
img_4514658.jpg,DA,51200,1280,12/17/2027,12878,1,2473
img_4537477.jpg,BB,49900,1247.5,11/26/2024,12553,1,5697
img_4636380.jpg,AA,34200,855,3/31/2024,8628,1,550
img_7768734.jpg,AA,45100,1127.5,1/5/2024,11353,1,7862
img_4537578.jpg,DA,27900,697.5,2/17/2024,7053,1,3899
img_4535256.jpg,DA,36200,905,12/3/2028,9128,1,3700
img_4534880.jpg,BB,36000,900,6/6/2022,9078,1,5836
img_4517985.jpg,B,37300,932.5,12/13/2027,9403,1,1516
img_4538798.jpg,BC,23600,590,3/22/2022,5978,1,419
img_4516647.jpg,RE,47600,1190,4/20/2026,11978,1,5312
img_4636259.jpg,AC,44100,1102.5,1/22/2022,11103,1,678
img_7767860.jpg,O,31100,777.5,12/16/2026,7853,1,10231
img_7768786.jpg,A,46000,1150,11/16/2023,11578,1,8713
img_4537631.jpg,B,28300,707.5,11/24/2025,7153,1,2559
img_4636945.jpg,B,32500,812.5,7/7/2028,8203,1,6141
img_7766214.jpg,BB,28300,707.5,3/10/2027,7153,1,297
img_7768831.jpg,BC,52800,1320,7/1/2022,13278,1,8746
img_4635047.jpg,C,24800,620,4/17/2024,6278,1,6143
img_7766243.jpg,B,29600,740,2/3/2027,7478,1,5194
img_4516303.jpg,BC,33700,842.5,12/6/2027,8503,1,444
img_463730.jpg,AC,51600,1290,12/9/2026,44929.68,0,0
img_7767831.jpg,O,37100,927.5,2/19/2027,9353,1,3517
img_4536788.jpg,A,53500,1337.5,7/7/2022,13453,1,6003
img_4537019.jpg,B,41500,1037.5,4/5/2025,10453,1,6085
img_4638566.jpg,DA,50600,1265,4/10/2023,12728,1,8582
img_4514751.jpg,BB,25800,645,1/15/2027,6528,1,4359
img_4534666.jpg,BB,37500,937.5,6/7/2022,9453,1,7792
img_4538362.jpg,A,31000,775,6/14/2024,7828,1,5158
img_4517509.jpg,BQ,24500,612.5,8/7/2028,6203,1,5599
img_4635131.jpg,RE,30800,770,3/11/2023,7778,1,74
img_4634831.jpg,AA,24200,605,12/18/2023,6128,1,4561
img_4535788.jpg,DA,36200,905,7/4/2024,9128,1,3663
img_4638552.jpg,O,53400,1335,11/23/2021,13428,1,2318
img_4516828.jpg,C,41000,1025,12/22/2021,10328,1,9514
img_4518276.jpg,C,45900,1147.5,1/13/2026,11553,1,3389
img_4636473.jpg,AC,43900,1097.5,12/15/2025,11053,1,5936
img_4534567.jpg,DA,29300,732.5,4/4/2028,7403,1,5190
img_4536678.jpg,O,30400,760,5/11/2026,7678,1,10067
img_4634870.jpg,AA,23400,585,8/7/2023,5928,1,4776
img_7766239.jpg,O,31000,775,10/10/2027,7828,1,6346
img_7764639.jpg,RE,43600,1090,6/16/2022,10978,1,2988
img_7763565.jpg,A,32400,810,6/12/2024,28225.68,0,0
img_7764962.jpg,AA,50500,1262.5,3/29/2028,12703,1,1734
img_4637280.jpg,A,26000,650,11/17/2028,6578,1,6598
img_7765211.jpg,DA,37800,945,7/23/2022,9528,1,4747
img_7766932.jpg,O,32500,812.5,7/18/2023,8203,1,6142
img_4638128.jpg,BQ,41600,1040,9/5/2028,10478,1,3597
img_4636774.jpg,RE,31500,787.5,12/25/2026,7953,1,7009
img_7768963.jpg,A,27200,680,4/12/2027,6878,1,4740
img_4515215.jpg,AA,31100,777.5,5/1/2025,7853,1,6510
img_4515407.jpg,RE,23400,585,5/10/2028,5928,1,631
img_4636402.jpg,AC,44600,1115,11/12/2025,11228,1,5016
img_4632335.jpg,BQ,50200,1255,8/11/2022,43711.68,0,0
img_4638717.jpg,BC,47000,1175,8/24/2027,11828,1,5459
img_4517483.jpg,AC,50200,1255,6/27/2022,12628,1,4391
img_4538470.jpg,RE,32700,817.5,12/25/2023,8253,1,625
img_4634777.jpg,BB,45100,1127.5,2/7/2026,11353,1,5644
img_4534584.jpg,BB,43300,1082.5,5/18/2026,10903,1,806
img_7764027.jpg,AA,48600,1215,11/8/2021,42319.68,0,0
img_4638879.jpg,BQ,27200,680,5/24/2028,6878,1,4450
img_4516762.jpg,AA,,,8/18/2026,,1,3765
img_4638987.jpg,O,36700,917.5,7/6/2023,9253,1,840
img_7764765.jpg,BQ,47000,1175,4/2/2026,40927.68,0,0
img_4636427.jpg,AA,36200,905,3/24/2024,9128,1,5660
img_4537725.jpg,DA,27700,692.5,12/26/2021,7003,1,3666
img_4513328.jpg,B,45400,1135,4/28/2026,39535.68,0,0
img_4514772.jpg,B,37500,937.5,6/16/2027,9453,1,9212
img_7765600.jpg,DA,36900,922.5,11/13/2021,9303,1,5996
img_4636577.jpg,AA,24000,600,12/8/2024,6078,1,5612
img_7764700.jpg,RE,38100,952.5,6/18/2027,9603,1,2456
img_7764586.jpg,AC,32400,810,6/7/2026,8178,1,8666
img_463653.jpg,DA,28700,717.5,9/13/2024,25006.68,0,0
img_4638190.jpg,B,42900,1072.5,6/11/2025,10803,1,6224
img_7765078.jpg,BQ,36300,907.5,5/19/2027,9153,1,6298
img_4536568.jpg,A,23300,582.5,1/30/2025,5903,1,6631
img_4537767.jpg,DA,36200,905,1/18/2026,9128,1,7411
img_4538309.jpg,DA,28200,705,7/7/2024,7128,1,3069
img_4515247.jpg,RE,23400,585,3/16/2023,5928,1,5585
img_7768493.jpg,DA,,,11/8/2025,,1,3922
img_4637756.jpg,B,34900,872.5,10/23/2026,8803,1,4182
img_4535436.jpg,AC,36900,922.5,4/18/2023,9303,1,8408
img_7766612.jpg,BB,46500,1162.5,11/9/2028,11703,1,723
img_4635910.jpg,B,43000,1075,1/6/2026,10828,1,9702
img_4517626.jpg,BQ,43200,1080,2/11/2028,10878,1,400
img_4638215.jpg,BB,35200,880,4/28/2026,8878,1,3245
img_7761480.jpg,RE,40900,1022.5,6/7/2028,35620.68,0,0
img_4538554.jpg,DA,22900,572.5,9/24/2028,5803,1,5807
img_7765041.jpg,BQ,41500,1037.5,8/8/2028,10453,1,5469
img_4537266.jpg,BQ,43000,1075,5/30/2026,10828,1,4397
img_4637292.jpg,BB,30800,770,6/11/2027,7778,1,634
img_7764788.jpg,BB,23300,582.5,12/29/2024,5903,1,4960
img_4636523.jpg,BB,31000,775,3/1/2025,7828,1,9560
img_4517841.jpg,AA,30200,755,10/8/2027,26311.68,0,0
img_4638296.jpg,C,50400,1260,9/15/2022,12678,1,3337
img_7768042.jpg,C,24000,600,11/7/2028,6078,1,9881
img_7765775.jpg,BC,52000,1300,1/30/2028,13078,1,2510
img_4638563.jpg,RE,38900,972.5,7/31/2027,9803,1,7185
img_4535916.jpg,DA,49700,1242.5,10/26/2027,12503,1,6488
img_7763076.jpg,RE,43600,1090,5/7/2026,37969.68,0,0
img_4538615.jpg,A,41300,1032.5,3/5/2024,10403,1,7497
img_7768800.jpg,RE,53500,1337.5,1/19/2026,13453,1,1144
img_4635217.jpg,C,40800,1020,6/22/2027,10278,1,8549
img_4517719.jpg,AC,24400,610,7/5/2026,6178,1,4145
img_4638578.jpg,O,38000,950,7/14/2026,9578,1,4248
img_4637200.jpg,BQ,43800,1095,11/21/2027,11028,1,2846
img_4634776.jpg,AA,38200,955,5/17/2023,9628,1,320
img_4513168.jpg,O,35000,875,3/24/2022,30487.68,0,0
img_4636670.jpg,A,37500,937.5,11/21/2023,9453,1,4497
img_4515944.jpg,O,25900,647.5,6/17/2026,6553,1,5534
img_4635807.jpg,B,37100,927.5,12/20/2028,9353,1,3551
img_4635206.jpg,C,43400,1085,8/24/2023,10928,1,8594
img_4518247.jpg,BC,25400,635,7/31/2027,6428,1,5716
img_4538414.jpg,DA,,,3/1/2025,,1,4712
img_4635663.jpg,BC,27400,685,3/24/2026,6928,1,8846
img_4636748.jpg,AC,29300,732.5,9/21/2026,7403,1,6767
img_4515334.jpg,BC,48900,1222.5,3/18/2022,12303,1,5769
img_7768625.jpg,BQ,24800,620,6/2/2026,21613.68,0,0
img_7768830.jpg,AC,39200,980,7/18/2025,9878,1,9765
img_4638759.jpg,AA,,,7/28/2024,,1,4172
img_4517974.jpg,C,30400,760,2/8/2028,7678,1,4851
img_4637175.jpg,AA,42700,1067.5,2/28/2026,10753,1,3463
img_4517087.jpg,DA,30600,765,3/19/2023,7728,1,2436
img_4634910.jpg,BC,25900,647.5,8/9/2027,6553,1,3665
img_4535340.jpg,B,29900,747.5,7/15/2028,7553,1,4423
img_7765919.jpg,DA,37400,935,11/5/2022,9428,1,6467
img_4516021.jpg,BB,49500,1237.5,2/11/2024,12453,1,5326
img_4638718.jpg,AA,29200,730,10/20/2022,7378,1,2360
img_4635940.jpg,B,,,4/23/2024,,1,4607
img_4516268.jpg,B,35500,887.5,1/1/2027,8953,1,6807
img_4635167.jpg,DA,36700,917.5,2/9/2022,9253,1,1122
img_4637727.jpg,BQ,26100,652.5,3/19/2028,6603,1,4031
img_4632253.jpg,AA,32100,802.5,7/24/2024,27964.68,0,0
img_4514547.jpg,DA,36000,900,4/28/2023,9078,1,9491
img_4515911.jpg,AC,28200,705,12/24/2028,7128,1,3880
img_7766179.jpg,AA,31500,787.5,11/13/2023,7953,1,4354
img_4638171.jpg,AA,28200,705,11/15/2022,7128,1,1069
img_7763290.jpg,DA,41400,1035,5/3/2028,36055.68,0,0
img_4635865.jpg,B,35400,885,6/21/2026,8928,1,7006
img_4516764.jpg,BC,45800,1145,8/9/2023,11528,1,10510
img_7768949.jpg,B,46000,1150,5/30/2028,11578,1,4630
img_4518028.jpg,A,30200,755,5/13/2025,7628,1,4845
img_4632365.jpg,BB,39000,975,5/26/2028,33967.68,0,0
img_4637728.jpg,O,46200,1155,10/7/2027,11628,1,5364
img_4518464.jpg,O,32200,805,2/19/2023,8128,1,3145
img_4634389.jpg,BB,39900,997.5,3/11/2026,34750.68,0,0
img_4517287.jpg,AA,30500,762.5,9/19/2022,7703,1,5000
img_4538209.jpg,DA,,,10/21/2027,,1,4593
img_4538705.jpg,BB,24900,622.5,7/5/2027,6303,1,4487
img_4637573.jpg,B,33200,830,4/28/2028,8378,1,6478
img_776823.jpg,O,44000,1100,12/5/2025,38317.68,0,0
img_4518858.jpg,DA,36800,920,11/21/2023,9278,1,5379
img_7768590.jpg,AC,37600,940,1/27/2027,9478,1,10704
img_7765233.jpg,AA,38300,957.5,2/7/2028,33358.68,0,0
img_4535859.jpg,BB,35200,880,6/10/2028,8878,1,2246
img_4514696.jpg,BB,42600,1065,11/10/2023,37099.68,0,0
img_4531097.jpg,BC,45200,1130,1/13/2023,39361.68,0,0
img_4636092.jpg,BC,45600,1140,1/18/2025,11478,1,2995
img_7767504.jpg,AA,35100,877.5,12/9/2023,8853,1,3388
img_4635814.jpg,BC,,,1/14/2023,,1,2314
img_7765718.jpg,RE,30800,770,8/23/2022,7778,1,6082
img_4638518.jpg,AA,32300,807.5,6/29/2024,8153,1,4674
img_4538312.jpg,AC,53500,1337.5,2/23/2022,13453,1,4448
img_4635220.jpg,AA,26000,650,12/31/2025,6578,1,6515
img_4538179.jpg,O,46900,1172.5,12/20/2022,11803,1,7438
img_4535554.jpg,O,50200,1255,3/6/2028,12628,1,2533
img_4537091.jpg,AA,28200,705,6/29/2023,7128,1,6279
img_4635494.jpg,BB,34000,850,2/11/2023,8578,1,4624
img_7765176.jpg,B,28500,712.5,1/10/2028,7203,1,4139
img_4537268.jpg,AC,32100,802.5,2/27/2026,8103,1,5209
img_7768376.jpg,B,46100,1152.5,8/7/2025,11603,1,3418
img_7766373.jpg,A,22800,570,11/21/2024,5778,1,7141
img_4634857.jpg,B,40700,1017.5,6/26/2022,10253,1,3360
img_7767865.jpg,BQ,40000,1000,6/1/2023,10078,1,2397
img_7766073.jpg,BB,,,9/25/2025,,1,3563
img_4637619.jpg,RE,50800,1270,3/11/2023,12778,1,3471
img_4537534.jpg,RE,31500,787.5,3/22/2022,7953,1,3747
img_4537220.jpg,DA,31000,775,12/11/2022,7828,1,3578
img_4635123.jpg,O,,,8/26/2025,,1,633
img_4517763.jpg,C,38300,957.5,11/5/2025,9653,1,3075
img_4637315.jpg,BC,41300,1032.5,7/17/2023,10403,1,2863
img_4538985.jpg,C,31900,797.5,7/4/2023,8053,1,8539
img_4638007.jpg,BB,,,12/7/2022,,1,6020
img_7765492.jpg,AA,45000,1125,7/1/2025,11328,1,
img_7764977.jpg,B,46600,1165,1/14/2022,11728,1,5720
img_4535897.jpg,O,41800,1045,9/27/2025,10528,1,3345
img_4634943.jpg,C,34100,852.5,2/15/2028,8603,1,601
img_7766571.jpg,BB,39200,980,1/10/2025,9878,1,6511
img_4637028.jpg,C,42800,1070,12/1/2024,10778,1,330
img_4515836.jpg,BB,31400,785,1/28/2025,7928,1,5123
img_4515232.jpg,BB,43700,1092.5,3/9/2023,11003,1,2443
img_4634566.jpg,AC,22700,567.5,11/19/2022,5753,1,5069
img_7766704.jpg,BC,27800,695,11/5/2023,7028,1,5207
img_4537810.jpg,O,38300,957.5,10/4/2023,9653,1,1000
img_4513009.jpg,DA,36700,917.5,11/16/2021,31966.68,0,0
img_4537664.jpg,BC,32400,810,4/12/2027,8178,1,
img_7768237.jpg,A,49600,1240,12/30/2026,12478,1,6687
img_4535132.jpg,BC,32700,817.5,7/21/2022,8253,1,7644
img_4634983.jpg,A,27500,687.5,12/13/2022,6953,1,429
img_4538164.jpg,AA,,,2/20/2022,,1,2000
img_4632733.jpg,BQ,45800,1145,4/9/2028,39883.68,0,0
img_4538923.jpg,B,,,6/21/2026,,1,6094
img_7765858.jpg,O,,,11/29/2026,,1,
img_4634621.jpg,BB,45800,1145,7/31/2027,11528,1,5559
img_7766895.jpg,AA,30800,770,10/8/2025,7778,1,6227
img_4514893.jpg,AA,33000,825,6/11/2024,8328,1,4389
img_7764927.jpg,O,37100,927.5,9/9/2028,9353,1,539
img_4632958.jpg,RE,36800,920,5/6/2023,32053.68,0,0
img_4535433.jpg,C,,,8/28/2027,,1,6197
img_4636051.jpg,BQ,35000,875,5/30/2026,8828,1,649
img_4538458.jpg,A,31000,775,4/20/2028,7828,1,6067
img_7768951.jpg,A,27400,685,10/26/2024,6928,1,1303
img_4537561.jpg,B,51600,1290,10/9/2028,12978,1,8195
img_4516833.jpg,AA,50800,1270,12/22/2024,12778,1,5416
img_7767445.jpg,BQ,43600,1090,8/26/2025,10978,1,554
img_4535793.jpg,O,33700,842.5,7/19/2022,8503,1,6495
img_4636597.jpg,B,49200,1230,12/15/2023,12378,1,
img_4636012.jpg,BQ,24800,620,6/20/2023,6278,1,8830
img_4538265.jpg,AC,29100,727.5,11/12/2021,7353,1,2574
img_4635607.jpg,RE,50900,1272.5,12/16/2026,12803,1,4972
img_7766870.jpg,B,26300,657.5,9/7/2025,6653,1,5751
img_7766719.jpg,AA,43900,1097.5,5/14/2022,11053,1,3941
img_4535615.jpg,DA,39000,975,11/4/2025,9828,1,4005
img_4638613.jpg,O,24100,602.5,12/9/2023,6103,1,5893
img_4515581.jpg,BQ,25300,632.5,2/8/2023,6403,1,3214
img_7767471.jpg,A,40400,1010,7/7/2024,10178,1,4376
img_4517645.jpg,AA,27200,680,8/28/2025,6878,1,2392
img_4536090.jpg,O,43100,1077.5,8/17/2024,10853,1,537
img_4518867.jpg,BQ,48300,1207.5,5/25/2022,12153,1,9552
img_4538469.jpg,O,23800,595,9/2/2028,6028,1,3858
img_7766356.jpg,BB,33600,840,11/3/2022,8478,1,5455
img_4535290.jpg,AC,,,3/16/2025,,1,5191
img_4535758.jpg,A,36500,912.5,12/12/2022,9203,1,9478
img_4535551.jpg,O,,,7/19/2022,,1,2907
img_4637617.jpg,A,24600,615,12/6/2024,6228,1,6067
img_4517571.jpg,B,48000,1200,3/2/2023,12078,1,538
img_4516408.jpg,BB,28000,700,11/3/2026,7078,1,5499
img_4518084.jpg,BB,47500,1187.5,6/14/2028,11953,1,8232
img_7764738.jpg,RE,28600,715,7/22/2028,7228,1,5045
img_4636135.jpg,BB,28900,722.5,7/18/2026,7303,1,5176
img_4637514.jpg,A,40800,1020,6/26/2026,10278,1,4977
img_7766907.jpg,A,30300,757.5,6/14/2025,7653,1,4642
img_4636110.jpg,BC,39100,977.5,12/15/2023,9853,1,3233
img_4534506.jpg,B,24100,602.5,3/7/2024,6103,1,6142
img_7766825.jpg,B,35100,877.5,9/9/2023,8853,1,262
img_4515172.jpg,C,45500,1137.5,11/16/2024,11453,1,7500
img_4514715.jpg,BQ,53400,1335,1/10/2025,13428,1,3324
img_4534531.jpg,B,33100,827.5,5/16/2023,8353,1,3617
img_4516025.jpg,A,,,9/8/2022,,1,6615
img_7768601.jpg,B,45600,1140,1/18/2024,11478,1,4215
img_4634563.jpg,A,43700,1092.5,9/15/2025,11003,1,411
img_4536302.jpg,BB,33700,842.5,10/26/2026,8503,1,6060
img_4638150.jpg,BC,,,5/20/2022,,1,6309
img_4637086.jpg,AC,51700,1292.5,9/19/2026,13003,1,5546
img_4535327.jpg,BB,30100,752.5,4/6/2022,7603,1,6211
img_4637500.jpg,RE,35800,895,12/19/2024,9028,1,5842
img_7768622.jpg,B,27800,695,7/30/2027,7028,1,5555
img_4515569.jpg,RE,31100,777.5,3/12/2026,7853,1,2852
img_4635198.jpg,AC,37000,925,5/7/2024,9328,1,1741
img_4517239.jpg,AA,27700,692.5,8/17/2022,7003,1,
img_4637095.jpg,AA,40000,1000,6/17/2022,10078,1,727
img_4635955.jpg,AC,15000,375,3/21/2028,3828,1,3024
img_7768728.jpg,BC,,,11/21/2022,,1,2801
img_4537473.jpg,BC,35900,897.5,3/9/2023,9053,1,6058
img_4514561.jpg,O,42700,1067.5,2/29/2028,10753,1,1623
img_4638484.jpg,RE,27100,677.5,1/18/2026,6853,1,3656
img_4634763.jpg,RE,27300,682.5,2/5/2027,6903,1,4985
img_4637536.jpg,C,46900,1172.5,8/22/2025,11803,1,5339
img_4638662.jpg,RE,,,6/17/2025,,1,9088
img_4518270.jpg,A,26300,657.5,11/21/2026,6653,1,4135
img_7766013.jpg,B,31200,780,3/13/2024,7878,1,4305
img_4635721.jpg,AA,50300,1257.5,1/7/2022,43798.68,0,0
img_4516483.jpg,BQ,28900,722.5,12/18/2025,7303,1,4904
img_4532681.jpg,C,43400,1085,1/24/2024,37795.68,0,0
img_7766056.jpg,AC,43200,1080,3/17/2024,10878,1,3577
img_4536383.jpg,DA,51600,1290,7/22/2027,12978,1,929
img_7766666.jpg,BB,41300,1032.5,10/26/2027,10403,1,10466
img_4538861.jpg,RE,39700,992.5,6/28/2025,10003,1,4053
img_4516186.jpg,C,,,8/17/2022,,1,3287
img_4634600.jpg,BQ,20000,500,12/20/2021,5078,1,878
img_4514606.jpg,RE,35000,875,9/21/2025,8828,1,3960
img_7762972.jpg,B,33900,847.5,3/11/2027,29530.68,0,0
img_4534636.jpg,BC,41800,1045,1/12/2027,10528,1,4458
img_4635963.jpg,B,27800,695,7/24/2022,7028,1,3290
img_4535042.jpg,AC,37000,925,12/5/2022,9328,1,10336
img_7765362.jpg,B,44200,1105,12/5/2021,11128,1,1183
img_4638186.jpg,C,29600,740,8/30/2024,7478,1,7755
img_4535932.jpg,RE,40700,1017.5,12/2/2023,10253,1,684
img_4518696.jpg,BQ,,,5/14/2023,,1,3579
img_4637739.jpg,DA,28700,717.5,11/19/2026,7253,1,4439
img_4514709.jpg,B,23700,592.5,11/5/2027,20656.68,0,0
img_4637214.jpg,RE,36200,905,10/22/2026,9128,1,3790
img_4631517.jpg,RE,,,2/22/2026,,0,0
img_4534736.jpg,BC,49700,1242.5,11/25/2021,12503,1,6039
img_7765049.jpg,O,46900,1172.5,4/22/2028,11803,1,4753
img_4638686.jpg,O,46100,1152.5,12/31/2024,11603,1,4356
img_4536195.jpg,RE,45200,1130,3/18/2026,11378,1,7953
img_7768082.jpg,C,32000,800,10/15/2027,8078,1,9647
img_4635195.jpg,RE,37700,942.5,9/24/2025,9503,1,3607
img_4636122.jpg,BB,36300,907.5,9/18/2028,9153,1,902
img_4632362.jpg,O,47100,1177.5,1/31/2027,41014.68,0,0
img_45123.jpg,O,42700,1067.5,4/28/2028,37186.68,0,0
img_4538687.jpg,BC,30000,750,4/12/2028,7578,1,1017
img_7764922.jpg,BC,27000,675,7/10/2028,6828,1,3105
img_4538113.jpg,C,26500,662.5,1/11/2022,6703,1,5167
img_4516897.jpg,BQ,48000,1200,4/13/2028,12078,1,611
img_7768859.jpg,DA,40800,1020,1/27/2028,10278,1,835
img_4635087.jpg,A,31600,790,9/24/2026,7978,1,372
img_4516074.jpg,C,32700,817.5,4/30/2026,8253,1,459
img_7766535.jpg,B,33500,837.5,1/3/2022,8453,1,10554
img_4516228.jpg,C,27900,697.5,7/31/2024,7053,1,8549
img_4535497.jpg,B,46900,1172.5,3/31/2024,11803,1,4569
img_4635396.jpg,BB,50800,1270,2/17/2028,12778,1,4436
img_4635617.jpg,DA,31200,780,10/18/2022,7878,1,9355
img_7764941.jpg,C,29400,735,7/17/2022,7428,1,347
img_4635806.jpg,A,48300,1207.5,8/27/2026,12153,1,182
img_4635250.jpg,BQ,34900,872.5,2/22/2022,8803,1,7675
img_4635465.jpg,DA,31700,792.5,1/11/2027,8003,1,411
img_4538918.jpg,AA,31200,780,5/1/2024,7878,1,3739
img_7767844.jpg,BC,25200,630,2/22/2028,6378,1,7831
img_4534982.jpg,BQ,22900,572.5,2/6/2028,5803,1,4527
img_4634748.jpg,BQ,41300,1032.5,8/29/2024,10403,1,232
img_4537024.jpg,BQ,50300,1257.5,12/1/2027,12653,1,2695
img_4517954.jpg,AC,37000,925,1/3/2022,9328,1,2504
img_4538959.jpg,BQ,25900,647.5,12/19/2026,6553,1,9682
img_4535364.jpg,BB,25000,625,6/6/2024,6328,1,841
img_7766726.jpg,B,22700,567.5,3/20/2022,5753,1,1258
img_4536992.jpg,AC,,,6/16/2022,,1,611
img_4535191.jpg,C,,,1/20/2024,,1,4599
img_4637693.jpg,BB,29500,737.5,4/15/2025,7453,1,5065
img_4538234.jpg,BQ,43400,1085,6/16/2022,10928,1,3960
img_7768274.jpg,DA,46600,1165,11/21/2025,11728,1,4974
img_4537244.jpg,AC,46000,1150,5/10/2028,11578,1,938
img_4536890.jpg,DA,26600,665,4/19/2024,6728,1,6154
img_7765484.jpg,B,53500,1337.5,10/8/2025,13453,1,714
img_4518573.jpg,O,27500,687.5,8/16/2023,6953,1,3834
img_4636681.jpg,BB,27400,685,3/7/2025,6928,1,8022
img_7768476.jpg,AC,23100,577.5,7/23/2022,20134.68,0,0
img_4535209.jpg,C,22700,567.5,6/7/2022,5753,1,5703
img_4534823.jpg,DA,30600,765,9/17/2022,7728,1,567
img_7765498.jpg,BQ,50100,1252.5,12/8/2023,12603,1,7618
img_7764807.jpg,B,38600,965,11/21/2023,9728,1,500
img_4515115.jpg,BB,,,6/2/2023,,1,8562
img_4518722.jpg,C,,,12/18/2021,,1,7168
img_4635642.jpg,AA,31100,777.5,8/30/2022,7853,1,6995
img_7767840.jpg,O,24000,600,3/1/2022,6078,1,7287
img_4536915.jpg,RE,47900,1197.5,7/30/2028,12053,1,6356
img_7765840.jpg,BB,42000,1050,4/17/2023,10578,1,3958
img_4535834.jpg,BQ,22600,565,5/22/2028,5728,1,6451
img_4636484.jpg,RE,28600,715,2/29/2028,7228,1,4854
img_4518126.jpg,RE,35900,897.5,3/14/2028,9053,1,6347
img_4631479.jpg,AA,50300,1257.5,2/5/2028,43798.68,0,0
img_4517650.jpg,AC,25900,647.5,5/24/2026,6553,1,5673
img_7767519.jpg,C,45600,1140,10/17/2026,11478,1,4112
img_7764785.jpg,BC,52400,1310,6/30/2026,13178,1,10495
img_7763870.jpg,O,53400,1335,4/15/2023,46495.68,0,0
img_4638904.jpg,DA,25400,635,4/1/2025,6428,1,7931
img_4635200.jpg,C,33400,835,9/20/2026,8428,1,486
img_4536746.jpg,A,46300,1157.5,4/15/2024,11653,1,8603
img_4537605.jpg,BB,24700,617.5,7/21/2022,6253,1,6294
img_4516489.jpg,RE,53200,1330,7/16/2024,13378,1,5265
img_7763724.jpg,RE,,,12/13/2023,,0,0
img_4635622.jpg,AA,49500,1237.5,9/16/2028,12453,1,7762
img_4635898.jpg,C,35500,887.5,9/24/2028,8953,1,100
img_4538486.jpg,A,33400,835,8/31/2025,8428,1,4261
img_4535393.jpg,AA,48400,1210,12/24/2027,12178,1,567
img_4537658.jpg,BB,36000,900,10/26/2027,9078,1,455
img_4638701.jpg,B,50200,1255,5/6/2027,12628,1,3292
img_4516183.jpg,BB,30100,752.5,11/24/2021,7603,1,3467
img_4518665.jpg,BB,38600,965,7/7/2023,9728,1,6454
img_7766876.jpg,BQ,50600,1265,3/23/2027,12728,1,2337
img_4632759.jpg,B,26300,657.5,7/1/2025,22918.68,0,0
img_451186.jpg,C,28500,712.5,9/24/2022,24832.68,0,0
img_4638322.jpg,BC,28800,720,11/23/2028,7278,1,4746
img_4516305.jpg,RE,,,8/23/2026,,1,5725
img_7766741.jpg,O,,,1/31/2028,,1,-999
img_4538742.jpg,B,39700,992.5,3/12/2024,34576.68,0,0
img_7764685.jpg,A,26700,667.5,3/16/2024,6753,1,3297
img_4537687.jpg,B,40400,1010,7/9/2022,10178,1,8384
img_7768568.jpg,DA,46600,1165,3/22/2024,11728,1,344
img_4638487.jpg,A,37400,935,1/10/2022,9428,1,5113
img_4516133.jpg,AA,46500,1162.5,12/23/2022,11703,1,6715
img_4537944.jpg,BC,36800,920,1/7/2022,9278,1,300
img_4517137.jpg,DA,40800,1020,2/25/2026,10278,1,200
img_4517013.jpg,A,48400,1210,7/31/2028,12178,1,1020
img_4538003.jpg,BB,23100,577.5,9/22/2022,5853,1,2458
img_4537167.jpg,DA,24600,615,7/22/2028,6228,1,4175
img_4536997.jpg,B,49800,1245,10/1/2027,12528,1,617
img_4518755.jpg,AA,29300,732.5,9/3/2028,7403,1,7944
img_4536282.jpg,B,46200,1155,1/24/2025,11628,1,6410
img_4516171.jpg,RE,24100,602.5,9/9/2026,6103,1,4755
img_4516912.jpg,BB,41500,1037.5,6/9/2023,10453,1,5716
img_4637722.jpg,RE,27500,687.5,8/15/2026,6953,1,3330
img_4537703.jpg,A,52600,1315,1/3/2028,13228,1,3060
img_7764966.jpg,BB,36900,922.5,6/28/2022,9303,1,953
img_4637531.jpg,BQ,45000,1125,1/14/2025,11328,1,2641
img_4535427.jpg,A,39800,995,3/13/2028,10028,1,3429
img_4635552.jpg,DA,,,6/24/2024,,1,6409
img_4638884.jpg,BC,46400,1160,4/17/2022,11678,1,6278
img_4637423.jpg,AC,39600,990,11/15/2023,9978,1,6838
img_4517305.jpg,RE,45200,1130,1/31/2027,11378,1,3531
img_4635410.jpg,B,45900,1147.5,9/17/2025,11553,1,3221
img_7767729.jpg,BC,27800,695,11/21/2027,7028,1,6526
img_4515754.jpg,O,47700,1192.5,4/6/2028,12003,1,6326
img_4516252.jpg,A,27300,682.5,12/19/2027,6903,1,4962
img_4637680.jpg,C,37500,937.5,10/26/2027,9453,1,6228
img_7766717.jpg,BC,45800,1145,9/21/2025,11528,1,8058
img_7766478.jpg,B,39400,985,4/29/2026,9928,1,625
img_4636466.jpg,B,52000,1300,7/1/2022,13078,1,639
img_4536532.jpg,RE,50000,1250,1/3/2028,12578,1,9532
img_7766034.jpg,A,30800,770,3/30/2024,7778,1,4345
img_4516119.jpg,AC,24500,612.5,1/5/2027,6203,1,8638
img_4518933.jpg,BB,35100,877.5,10/30/2022,8853,1,3303
img_7765604.jpg,BQ,24300,607.5,10/3/2027,6153,1,4071
img_7765585.jpg,B,43300,1082.5,3/20/2025,10903,1,3293
img_4535419.jpg,C,33200,830,4/26/2026,8378,1,3617
img_4537145.jpg,A,50400,1260,4/13/2028,12678,1,5326
img_7766400.jpg,O,26600,665,2/24/2024,6728,1,2926
img_4515759.jpg,C,34500,862.5,6/20/2024,8703,1,3010
img_4635781.jpg,AC,32500,812.5,10/11/2023,8203,1,6780
img_4516319.jpg,C,47100,1177.5,5/18/2028,11853,1,3065
img_4637438.jpg,O,46200,1155,3/13/2025,11628,1,3615
img_4638978.jpg,RE,39100,977.5,9/8/2024,9853,1,8277
img_7767755.jpg,AC,27300,682.5,3/25/2028,6903,1,2353
img_4638182.jpg,O,33400,835,8/7/2023,8428,1,4996
img_4637989.jpg,BB,28000,700,5/23/2024,7078,1,3928
img_4534669.jpg,C,50300,1257.5,6/17/2022,12653,1,9170
img_7768574.jpg,AA,24600,615,11/15/2021,6228,1,3423
img_4536503.jpg,AC,24600,615,3/14/2027,6228,1,3445
img_7768762.jpg,O,36100,902.5,2/18/2028,9103,1,4434
img_4518929.jpg,BB,24800,620,7/9/2023,6278,1,5770
img_4534889.jpg,A,37300,932.5,12/6/2024,9403,1,5463
img_4511041.jpg,C,50800,1270,3/9/2027,44233.68,0,0
img_4638542.jpg,DA,41200,1030,9/5/2028,10378,1,3450
img_4518268.jpg,B,23000,575,10/13/2028,5828,1,1743
img_7766802.jpg,A,48600,1215,12/18/2025,12228,1,5389
img_4534592.jpg,AC,40500,1012.5,4/6/2023,10203,1,5407
img_4518452.jpg,DA,43400,1085,4/17/2025,10928,1,3090
img_4515282.jpg,B,51800,1295,6/6/2026,13028,1,5987
img_4638805.jpg,O,34300,857.5,12/27/2022,8653,1,990
img_7768259.jpg,DA,,,1/14/2024,,1,5553
img_7766720.jpg,B,26100,652.5,8/20/2026,6603,1,499
img_4536255.jpg,B,28000,700,6/12/2028,7078,1,7371
img_4637443.jpg,BQ,25100,627.5,3/23/2028,6353,1,558
img_4534585.jpg,AC,24300,607.5,10/9/2026,6153,1,3154
img_7764657.jpg,O,45200,1130,10/5/2022,11378,1,8032
img_4514957.jpg,BB,39300,982.5,9/20/2023,9903,1,4204
img_4635558.jpg,C,39200,980,8/27/2027,9878,1,5773
img_4537835.jpg,O,46100,1152.5,4/15/2027,11603,1,6394
img_7764878.jpg,A,41500,1037.5,6/23/2024,10453,1,2552
img_4515301.jpg,BB,32800,820,9/1/2026,8278,1,4531
img_4537174.jpg,BB,52400,1310,4/19/2022,13178,1,6539
img_4635529.jpg,BQ,32900,822.5,5/8/2026,8303,1,7020
img_7767708.jpg,AC,,,11/6/2025,,1,7016
img_4515734.jpg,AA,39900,997.5,7/18/2022,10053,1,351
img_4538958.jpg,BB,44000,1100,8/4/2023,11078,1,4650
img_4534825.jpg,BC,51400,1285,3/24/2028,12928,1,515
img_4514612.jpg,AA,46400,1160,12/21/2023,11678,1,494
img_4517749.jpg,B,48700,1217.5,12/17/2024,12253,1,3608
img_4638463.jpg,BQ,49500,1237.5,3/17/2024,12453,1,7056
img_4537993.jpg,O,53200,1330,12/27/2024,13378,1,6787
img_4536649.jpg,BC,31700,792.5,9/2/2023,8003,1,1000
img_7768191.jpg,B,11100,277.5,12/6/2027,2853,1,422
img_4516286.jpg,A,23500,587.5,1/24/2022,5953,1,453
img_4514546.jpg,BQ,,,5/14/2023,,1,9353
img_4538033.jpg,B,37700,942.5,12/4/2026,9503,1,7508
img_4638023.jpg,BB,46100,1152.5,9/23/2024,11603,1,7119
img_4517683.jpg,AC,26200,655,11/23/2024,6628,1,8419
img_7767495.jpg,BB,32000,800,9/1/2023,8078,1,
img_4515385.jpg,AA,,,12/3/2028,,1,2450
img_7767402.jpg,RE,53100,1327.5,9/26/2026,13353,1,507
img_4514749.jpg,B,44600,1115,7/21/2028,11228,1,5858
img_4638091.jpg,DA,36900,922.5,1/30/2022,9303,1,3369
img_4537670.jpg,RE,49400,1235,5/28/2026,12428,1,5810
img_4515300.jpg,AC,24900,622.5,2/1/2028,6303,1,9903
img_4637513.jpg,C,46300,1157.5,10/13/2027,11653,1,3182
img_7765693.jpg,BQ,46800,1170,11/7/2027,11778,1,9177
img_4637195.jpg,A,42300,1057.5,3/5/2028,10653,1,9300
img_7766015.jpg,AA,37400,935,7/14/2027,9428,1,4796
img_7764604.jpg,BB,42700,1067.5,10/25/2023,10753,1,6320
img_4516386.jpg,O,42800,1070,10/13/2022,10778,1,4046
img_4536164.jpg,AC,32000,800,11/5/2026,8078,1,1864
img_4636868.jpg,BB,45500,1137.5,3/7/2023,11453,1,3748
img_7766330.jpg,AA,44600,1115,3/14/2024,11228,1,590
img_4637079.jpg,BB,26500,662.5,6/11/2027,6703,1,4039
img_4537105.jpg,BB,24200,605,7/16/2025,6128,1,666
img_4635564.jpg,BQ,32100,802.5,5/29/2026,8103,1,6165
img_4538821.jpg,A,24900,622.5,1/20/2026,6303,1,4980
img_4538739.jpg,BC,43100,1077.5,11/6/2025,10853,1,5031
img_4515506.jpg,O,48400,1210,3/28/2023,12178,1,2337
img_7766060.jpg,A,39000,975,12/4/2028,9828,1,479
img_4535711.jpg,AA,46200,1155,12/6/2026,11628,1,3320
img_4517327.jpg,BQ,,,10/2/2022,,1,5462
img_4516805.jpg,A,39000,975,6/22/2023,9828,1,5761
img_4538797.jpg,BC,27000,675,2/14/2025,6828,1,4519
img_7764577.jpg,BQ,41200,1030,5/10/2028,10378,1,3448
img_4514663.jpg,B,31400,785,11/11/2023,7928,1,4000
img_4637790.jpg,BQ,28700,717.5,5/26/2028,7253,1,3935
img_4535143.jpg,A,27600,690,1/29/2028,6978,1,10482
img_4535673.jpg,DA,47800,1195,4/12/2026,12028,1,4512
img_7767299.jpg,A,25000,625,6/4/2027,6328,1,5000
img_4536822.jpg,AA,32600,815,8/14/2024,8228,1,6517
img_4634694.jpg,O,24000,600,3/5/2027,6078,1,2852
img_4515455.jpg,BC,49900,1247.5,7/3/2022,12553,1,2637
img_4534794.jpg,A,,,1/8/2022,,1,4304
img_7765012.jpg,BC,30900,772.5,8/13/2025,7803,1,5940
img_4515536.jpg,O,29100,727.5,8/21/2026,7353,1,6251
img_4518965.jpg,BQ,38400,960,9/3/2022,9678,1,341
img_4515082.jpg,AC,22900,572.5,7/29/2025,5803,1,3592
img_4638367.jpg,C,44600,1115,1/4/2026,11228,1,829
img_7766559.jpg,B,30000,750,7/9/2026,7578,1,2596
img_7766691.jpg,AA,35400,885,10/9/2024,8928,1,963
img_7767776.jpg,B,48300,1207.5,12/6/2021,12153,1,7370
img_7766831.jpg,C,48900,1222.5,12/22/2028,12303,1,6314
img_7765424.jpg,AC,36300,907.5,11/3/2022,9153,1,3359
img_4638152.jpg,B,35000,875,5/9/2025,8828,1,6802
img_4638144.jpg,BQ,48600,1215,11/7/2028,12228,1,6079
img_4638688.jpg,BQ,23700,592.5,8/5/2027,6003,1,6781
img_4634938.jpg,BC,28700,717.5,10/27/2027,7253,1,4415
img_4538550.jpg,B,35800,895,6/8/2022,9028,1,9134
img_7764865.jpg,BQ,48200,1205,1/15/2023,12128,1,23000
img_4514646.jpg,BB,39900,997.5,8/7/2024,10053,1,382
img_7766808.jpg,B,24500,612.5,9/5/2027,6203,1,3181
img_4638178.jpg,RE,41500,1037.5,3/28/2024,10453,1,6880
img_4535647.jpg,DA,40500,1012.5,11/13/2023,10203,1,2000
img_4636232.jpg,O,48700,1217.5,12/14/2028,12253,1,3526
img_4536758.jpg,C,47900,1197.5,3/10/2028,12053,1,607
img_4636416.jpg,O,31600,790,8/7/2026,7978,1,6041
img_7765866.jpg,BB,36400,910,10/7/2022,9178,1,3878
img_4637643.jpg,AA,24800,620,7/7/2022,6278,1,5888
img_7764931.jpg,BQ,26400,660,10/3/2025,6678,1,6787
img_4636781.jpg,AC,,,4/5/2024,,1,5873
img_4517584.jpg,RE,49100,1227.5,12/14/2021,12353,1,5713
img_7768235.jpg,RE,28100,702.5,11/28/2023,7103,1,6204
img_4535075.jpg,BB,37800,945,3/2/2028,9528,1,3901
img_4537363.jpg,C,27800,695,2/14/2022,7028,1,514
img_4637873.jpg,A,53100,1327.5,12/15/2023,13353,1,4867
img_7767360.jpg,BQ,22900,572.5,4/26/2028,5803,1,9593
img_7764511.jpg,BB,,,11/18/2025,,1,3227
img_4537378.jpg,A,39000,975,1/7/2023,9828,1,3430
img_7767368.jpg,B,40100,1002.5,3/26/2024,10103,1,5544
img_4516476.jpg,DA,41800,1045,8/8/2024,10528,1,6516
img_4537822.jpg,C,34500,862.5,1/31/2025,8703,1,4295
img_7764945.jpg,A,36600,915,4/11/2025,9228,1,3409
img_4536813.jpg,A,29100,727.5,1/6/2028,7353,1,8111
img_4538290.jpg,BC,35200,880,5/28/2023,8878,1,8860
img_4637370.jpg,AC,43900,1097.5,7/29/2023,11053,1,3049
img_4517490.jpg,AA,45200,1130,3/25/2027,11378,1,7832
img_4516939.jpg,RE,48600,1215,10/31/2022,12228,1,5992
img_7768285.jpg,BB,29000,725,3/25/2023,7328,1,7525
img_4536839.jpg,RE,48000,1200,7/17/2028,12078,1,4404
img_4515475.jpg,DA,41100,1027.5,11/15/2021,10353,1,299
img_7768310.jpg,AA,43200,1080,9/7/2026,10878,1,5764
img_4517357.jpg,C,32500,812.5,2/4/2028,8203,1,744
img_4536632.jpg,AC,31900,797.5,4/8/2022,8053,1,3698
img_453565.jpg,AA,52100,1302.5,12/2/2022,45364.68,0,0
img_4637061.jpg,RE,30800,770,2/17/2022,7778,1,3201
img_4515709.jpg,O,27900,697.5,11/7/2026,7053,1,7218
img_4638479.jpg,RE,53300,1332.5,8/5/2027,13403,1,5444
img_7768837.jpg,RE,44300,1107.5,11/13/2024,11153,1,6554
img_4635034.jpg,BB,27800,695,12/29/2023,7028,1,3364
img_4534848.jpg,BQ,34800,870,6/25/2023,8778,1,4973
img_4516048.jpg,B,47500,1187.5,1/30/2023,11953,1,4421
img_4536819.jpg,B,41600,1040,9/3/2024,10478,1,2638
img_4536308.jpg,AA,33600,840,7/18/2023,8478,1,5472
img_4537427.jpg,AC,,,6/8/2024,,1,4089
img_4634569.jpg,BB,30000,750,9/1/2022,7578,1,4228
img_4635728.jpg,BC,41800,1045,10/23/2027,10528,1,4766
img_4636278.jpg,B,51000,1275,2/3/2023,12828,1,6952
img_4516447.jpg,C,42000,1050,11/18/2028,10578,1,3163
img_4518177.jpg,C,24300,607.5,12/5/2023,6153,1,500
img_4537054.jpg,A,52600,1315,5/21/2024,13228,1,3466
img_4535326.jpg,C,43400,1085,4/22/2024,10928,1,7107
img_4515006.jpg,RE,50900,1272.5,3/22/2023,12803,1,5490
img_4537343.jpg,AA,25300,632.5,12/16/2028,6403,1,5250
img_4518736.jpg,RE,33900,847.5,5/20/2023,8553,1,105
img_4515727.jpg,B,23600,590,10/7/2026,5978,1,
img_4634525.jpg,AC,41900,1047.5,2/11/2027,10553,1,4992
img_4518557.jpg,A,34400,860,4/10/2025,8678,1,699
img_4537007.jpg,DA,42300,1057.5,10/18/2022,10653,1,2726
img_4636168.jpg,B,41600,1040,7/12/2027,10478,1,1665
img_4517780.jpg,DA,30400,760,5/13/2023,7678,1,2949
img_4536309.jpg,B,40700,1017.5,1/17/2026,10253,1,5028
img_4517862.jpg,AC,34500,862.5,10/4/2028,8703,1,3705
img_4536514.jpg,B,24300,607.5,2/6/2025,6153,1,2773
img_4514159.jpg,BC,50200,1255,3/19/2025,43711.68,0,0
img_4633067.jpg,DA,51200,1280,4/26/2024,44581.68,0,0
img_4534660.jpg,BB,44500,1112.5,12/4/2021,11203,1,2385
img_4638424.jpg,BQ,,,12/8/2021,,1,3551
img_4537249.jpg,O,24700,617.5,12/5/2027,6253,1,2212
img_4534939.jpg,RE,46600,1165,10/29/2028,11728,1,3946
img_4515825.jpg,BC,34600,865,11/17/2022,8728,1,3778
img_4638873.jpg,BC,35600,890,9/23/2024,8978,1,654
img_7765513.jpg,AC,46200,1155,2/24/2022,11628,1,5035
img_7766004.jpg,BB,33700,842.5,8/13/2026,8503,1,5642
img_4535672.jpg,B,47000,1175,10/12/2028,11828,1,3632
img_7765014.jpg,BQ,,,4/15/2027,,1,9282
img_4638059.jpg,BC,43700,1092.5,8/18/2028,11003,1,936
img_4638561.jpg,C,43000,1075,2/18/2027,10828,1,3370
img_4517226.jpg,AA,35000,875,1/26/2026,8828,1,6171
img_7768586.jpg,BQ,50800,1270,11/12/2027,12778,1,5797
img_7766740.jpg,BC,29300,732.5,11/19/2027,7403,1,3549
img_4514786.jpg,AC,47800,1195,11/20/2028,12028,1,674
img_4515603.jpg,RE,23300,582.5,3/8/2027,5903,1,8211
img_4538364.jpg,AC,46300,1157.5,12/24/2027,11653,1,627
img_4638318.jpg,BC,48700,1217.5,11/23/2024,12253,1,4098
img_4537920.jpg,BB,43100,1077.5,11/30/2028,10853,1,7097
img_7766622.jpg,B,33900,847.5,4/14/2025,8553,1,817
img_4536341.jpg,A,24700,617.5,12/10/2021,6253,1,588
img_4534674.jpg,RE,30400,760,12/29/2022,7678,1,4340
img_4634524.jpg,DA,32400,810,6/28/2024,8178,1,549
img_4518790.jpg,O,25500,637.5,8/31/2023,6453,1,5572
img_4537335.jpg,O,,,10/1/2023,,1,4631
img_7765018.jpg,C,44100,1102.5,11/6/2027,11103,1,7346
img_4517932.jpg,AC,52100,1302.5,1/21/2025,13103,1,2827
img_4517436.jpg,DA,45200,1130,12/1/2025,11378,1,6012
img_4538751.jpg,DA,,,6/23/2024,,1,1589
img_4635001.jpg,B,38100,952.5,1/28/2023,9603,1,5390
img_7766132.jpg,AA,40400,1010,6/24/2022,10178,1,10709
img_4638510.jpg,AA,24300,607.5,10/18/2025,6153,1,5762
img_7766226.jpg,B,49500,1237.5,6/4/2025,12453,1,6554
img_4637157.jpg,BQ,51100,1277.5,2/20/2027,12853,1,7250
img_4536562.jpg,A,38400,960,11/24/2026,9678,1,5843
img_4637179.jpg,RE,30800,770,11/23/2025,7778,1,715
img_4636384.jpg,DA,45600,1140,3/12/2024,11478,1,6324
img_4638395.jpg,DA,,,2/17/2028,,1,1159
img_4535576.jpg,BQ,41100,1027.5,2/8/2025,10353,1,6851
img_4531877.jpg,DA,26500,662.5,7/24/2023,23092.68,0,0
img_7767857.jpg,O,47900,1197.5,6/21/2025,12053,1,4683
img_4638254.jpg,C,29000,725,12/12/2025,7328,1,5605
img_4537191.jpg,BC,40200,1005,11/2/2024,10128,1,613
img_4535986.jpg,C,32900,822.5,6/2/2025,8303,1,2426
img_4517647.jpg,AC,45100,1127.5,7/3/2022,11353,1,6483
img_4638503.jpg,O,,,8/22/2025,,1,4394
img_7768700.jpg,O,52900,1322.5,8/15/2027,13303,1,5794
img_4535632.jpg,C,27600,690,8/28/2027,6978,1,1409
img_4637012.jpg,AA,39900,997.5,11/30/2028,34750.68,0,0
img_4536412.jpg,O,23600,590,9/18/2028,5978,1,7906
img_4518559.jpg,O,26100,652.5,5/11/2025,6603,1,587
img_4517089.jpg,DA,43100,1077.5,10/5/2024,10853,1,4066
img_4517543.jpg,BC,29700,742.5,5/15/2023,7503,1,6650
img_4636613.jpg,RE,50200,1255,4/14/2027,12628,1,6763
img_4538189.jpg,C,32600,815,4/10/2025,8228,1,3200
img_4535109.jpg,BC,,,10/28/2023,,1,2873
img_4538697.jpg,B,37000,925,12/27/2025,9328,1,560
img_4517383.jpg,C,42000,1050,4/1/2026,10578,1,6259
img_7768667.jpg,B,46400,1160,12/20/2025,11678,1,4648
img_7764743.jpg,O,50000,1250,8/5/2023,12578,1,2825
img_7768172.jpg,BC,25500,637.5,3/10/2027,6453,1,9580
img_4515983.jpg,B,28200,705,8/27/2027,7128,1,7246
img_4637564.jpg,C,52600,1315,3/26/2025,13228,1,658
img_4538112.jpg,O,42200,1055,4/19/2026,10628,1,4860
img_7768988.jpg,BB,24000,600,1/29/2024,6078,1,713
img_7767807.jpg,A,27100,677.5,5/21/2025,6853,1,4069
img_7768431.jpg,A,,,8/3/2023,,1,4243
img_4535743.jpg,DA,49600,1240,6/22/2027,12478,1,9834
img_7764615.jpg,O,34200,855,6/28/2022,8628,1,6692
img_7768219.jpg,C,44200,1105,12/23/2027,11128,1,1691
img_4513344.jpg,BC,39600,990,12/22/2025,34489.68,0,0
img_4537508.jpg,AA,,,8/19/2022,,1,6790
img_4535687.jpg,O,49400,1235,5/15/2023,12428,1,3999
img_7764578.jpg,A,42000,1050,9/8/2022,10578,1,4200
img_7765882.jpg,A,47800,1195,5/31/2028,12028,1,6794
img_4635680.jpg,A,51300,1282.5,5/10/2027,12903,1,2761
img_7764716.jpg,A,38700,967.5,12/8/2022,9753,1,2943
img_4535801.jpg,AC,38100,952.5,6/28/2022,9603,1,494
img_4535981.jpg,AA,45200,1130,8/6/2028,11378,1,8243
img_7765341.jpg,BQ,33600,840,8/9/2023,8478,1,6586
img_4638723.jpg,RE,39200,980,12/24/2025,9878,1,6038
img_4637345.jpg,BB,51000,1275,11/6/2023,12828,1,8690
img_4535359.jpg,DA,,,10/4/2023,,1,2593
img_4535043.jpg,A,29700,742.5,8/15/2025,7503,1,7794
img_4637947.jpg,A,36500,912.5,4/11/2023,31792.68,0,0
img_4638154.jpg,C,29900,747.5,9/27/2028,7553,1,5167
img_4534959.jpg,C,27300,682.5,10/16/2027,6903,1,3058
img_4516620.jpg,AA,43300,1082.5,11/8/2024,10903,1,3524
img_4537510.jpg,BC,23100,577.5,12/24/2026,5853,1,9962
img_4515550.jpg,BC,44000,1100,8/23/2026,11078,1,8416
img_4538655.jpg,RE,51200,1280,5/9/2024,12878,1,6450
img_4636951.jpg,BQ,36800,920,2/10/2025,9278,1,4418
img_4638398.jpg,B,25600,640,6/6/2026,6478,1,9055
img_4634850.jpg,B,27200,680,2/19/2028,6878,1,747
img_4537526.jpg,AC,28300,707.5,4/17/2023,7153,1,2879
img_4535719.jpg,AC,24600,615,5/16/2023,6228,1,4901
img_7767272.jpg,DA,33500,837.5,10/21/2028,8453,1,3516
img_7766573.jpg,A,31200,780,10/18/2022,7878,1,6141
img_4515675.jpg,RE,46500,1162.5,12/28/2022,11703,1,5554
img_453456.jpg,A,53400,1335,10/20/2028,46495.68,0,0
img_4638416.jpg,O,38300,957.5,1/24/2024,9653,1,10177
img_4635923.jpg,B,28400,710,10/26/2024,7178,1,15836
img_4517147.jpg,BB,23400,585,9/3/2027,5928,1,3841
img_4634545.jpg,O,31400,785,3/8/2026,7928,1,6545
img_4537787.jpg,A,31500,787.5,2/28/2028,7953,1,3691
img_7766536.jpg,AC,29300,732.5,12/19/2026,7403,1,1994
img_7766505.jpg,BC,47100,1177.5,7/4/2023,11853,1,3451
img_4634822.jpg,B,31400,785,10/23/2025,7928,1,7743
img_7768712.jpg,BB,50100,1252.5,8/18/2025,12603,1,7423
img_4536949.jpg,B,34600,865,9/25/2025,8728,1,5006
img_4637001.jpg,AA,34800,870,4/29/2022,8778,1,2955
img_4637674.jpg,AA,39500,987.5,3/17/2027,34402.68,0,0
img_4637613.jpg,RE,41100,1027.5,6/5/2028,10353,1,4625
img_7761396.jpg,BC,25900,647.5,6/22/2023,22570.68,0,0
img_4536350.jpg,DA,,,9/27/2025,,1,7074
img_7766789.jpg,BQ,45800,1145,8/16/2024,11528,1,1935
img_7765460.jpg,AC,35500,887.5,3/7/2023,8953,1,3764
img_4516010.jpg,C,25100,627.5,6/13/2028,6353,1,2985
img_4518769.jpg,AC,49900,1247.5,1/23/2022,12553,1,6625
img_4517333.jpg,RE,50200,1255,12/18/2023,12628,1,4385
img_4537481.jpg,DA,36800,920,9/1/2027,9278,1,6122
img_4513058.jpg,BQ,47900,1197.5,5/15/2022,41710.68,0,0
img_4536731.jpg,AA,50000,1250,6/17/2028,12578,1,449
img_7766083.jpg,BB,50600,1265,9/9/2028,12728,1,2347
img_4518779.jpg,BB,42600,1065,7/25/2022,10728,1,4120
img_4535152.jpg,BQ,41300,1032.5,9/23/2023,10403,1,8096
img_4535741.jpg,B,44300,1107.5,5/24/2024,11153,1,4083
img_4537476.jpg,C,27600,690,6/14/2027,6978,1,4111
img_4515178.jpg,C,26900,672.5,4/25/2023,6803,1,556
img_4538109.jpg,RE,25500,637.5,7/21/2026,6453,1,2762
img_4516388.jpg,BB,23100,577.5,8/14/2028,5853,1,4013
img_4536398.jpg,BQ,46500,1162.5,12/29/2027,11703,1,714
img_4538194.jpg,B,24600,615,7/22/2023,6228,1,2107
img_7766860.jpg,B,23600,590,12/9/2024,5978,1,4254
img_4637160.jpg,C,35000,875,1/11/2028,8828,1,2139
img_4635037.jpg,RE,40000,1000,8/5/2027,10078,1,8075
img_4537093.jpg,BQ,28300,707.5,4/11/2026,7153,1,5501
img_7765044.jpg,C,26100,652.5,11/17/2023,6603,1,6787
img_4535090.jpg,A,43200,1080,2/16/2025,10878,1,3416
img_4517331.jpg,AC,52500,1312.5,3/27/2027,13203,1,6636
img_4518948.jpg,BQ,,,12/12/2022,,1,3022
img_4636156.jpg,BC,38000,950,10/31/2022,9578,1,809
img_4538327.jpg,C,53300,1332.5,12/15/2022,13403,1,431
img_4517781.jpg,C,39800,995,7/12/2027,10028,1,435
img_4537692.jpg,DA,43200,1080,11/9/2028,10878,1,5384
img_4517706.jpg,BC,33900,847.5,12/12/2022,8553,1,956
img_4515853.jpg,O,43300,1082.5,9/7/2026,10903,1,7888
img_4516583.jpg,BB,39800,995,3/25/2024,10028,1,3907
img_4538246.jpg,B,23700,592.5,11/27/2023,20656.68,0,0
img_7766227.jpg,BQ,39300,982.5,11/19/2022,9903,1,3622
img_4538034.jpg,BC,44600,1115,12/15/2028,11228,1,6750
img_4534554.jpg,O,36800,920,2/4/2023,9278,1,740
img_4514532.jpg,RE,25600,640,7/25/2025,6478,1,2417
img_4637980.jpg,BQ,46400,1160,6/19/2025,11678,1,5520
img_7768950.jpg,BC,33800,845,1/22/2023,8528,1,5340
img_7767017.jpg,AC,24900,622.5,7/17/2026,6303,1,4631
img_4637927.jpg,DA,44100,1102.5,4/30/2024,11103,1,6793
img_4515289.jpg,BB,46000,1150,2/28/2028,11578,1,640
img_4637392.jpg,C,44500,1112.5,7/23/2023,11203,1,3924
img_4514629.jpg,AA,25400,635,10/17/2026,6428,1,1456
img_4516202.jpg,O,44700,1117.5,3/4/2026,11253,1,2652
img_4636406.jpg,RE,39100,977.5,7/29/2023,9853,1,6879
img_7766221.jpg,A,32800,820,7/3/2022,8278,1,861
img_4635394.jpg,AC,53400,1335,1/11/2027,13428,1,350
img_7765442.jpg,AC,29100,727.5,7/31/2023,7353,1,5168
img_4637159.jpg,BC,27700,692.5,5/19/2027,7003,1,5605
img_4637347.jpg,RE,36900,922.5,7/19/2024,9303,1,3270
img_7765763.jpg,B,46500,1162.5,7/18/2028,11703,1,3278
img_4538210.jpg,BQ,49700,1242.5,5/10/2023,12503,1,499
img_7768936.jpg,C,,,3/21/2027,,1,5592
img_4535559.jpg,B,30100,752.5,7/5/2026,7603,1,2000
img_4535276.jpg,AC,40500,1012.5,2/20/2027,10203,1,442
img_7765516.jpg,B,28900,722.5,12/13/2027,7303,1,6126
img_4635586.jpg,AC,50000,1250,1/22/2027,12578,1,4235
img_7765978.jpg,B,32500,812.5,11/4/2028,8203,1,3977
img_4536929.jpg,BB,47600,1190,8/29/2024,11978,1,5691
img_7768761.jpg,O,27500,687.5,9/5/2023,6953,1,3266
img_4638440.jpg,BC,38400,960,5/2/2024,9678,1,561
img_4513423.jpg,BB,53400,1335,12/8/2024,46495.68,0,0
img_4638016.jpg,B,33600,840,3/18/2027,8478,1,7731
img_4636729.jpg,BQ,39900,997.5,5/28/2026,10053,1,2943
img_4535370.jpg,B,46500,1162.5,1/3/2022,11703,1,6613
img_4635522.jpg,RE,35700,892.5,11/4/2026,9003,1,908
img_4534873.jpg,BQ,39000,975,6/7/2028,9828,1,7916
img_4536462.jpg,A,22900,572.5,7/5/2025,5803,1,4427
img_4636873.jpg,AC,52400,1310,6/11/2022,13178,1,4243
img_4634605.jpg,B,32500,812.5,9/12/2027,8203,1,2000
img_7764537.jpg,BQ,29700,742.5,12/21/2022,7503,1,8633
img_4638889.jpg,DA,30800,770,11/22/2027,7778,1,5886
img_4636874.jpg,BQ,26100,652.5,7/17/2023,6603,1,481
img_4518511.jpg,O,29700,742.5,8/14/2026,7503,1,6853
img_4515403.jpg,O,52800,1320,11/1/2022,13278,1,968
img_4517905.jpg,BQ,36500,912.5,2/8/2027,9203,1,3704
img_4536751.jpg,O,44400,1110,2/15/2027,11178,1,620
img_7765714.jpg,RE,30600,765,4/10/2025,7728,1,5014
img_4632741.jpg,A,50300,1257.5,10/16/2022,43798.68,0,0
img_4537286.jpg,BQ,41600,1040,12/22/2022,10478,1,3715
img_4537950.jpg,A,28400,710,5/19/2024,7178,1,5747
img_4538596.jpg,C,38600,965,8/5/2026,9728,1,576
img_7766920.jpg,BC,24200,605,1/28/2022,6128,1,3938
img_4634667.jpg,A,47600,1190,2/26/2027,11978,1,4793
img_4538230.jpg,AC,30800,770,2/3/2026,7778,1,3352
img_4518698.jpg,BB,48000,1200,6/18/2023,12078,1,409
img_4516605.jpg,BB,24300,607.5,6/16/2025,6153,1,2300
img_7764921.jpg,DA,38600,965,1/15/2027,9728,1,6583
img_4538208.jpg,BC,51500,1287.5,9/13/2025,12953,1,279
img_4536291.jpg,A,47800,1195,4/4/2024,12028,1,648
img_4535129.jpg,RE,,,5/27/2028,,1,4710
img_4636589.jpg,BC,32500,812.5,2/18/2026,8203,1,6857
img_7768981.jpg,DA,40400,1010,11/28/2024,10178,1,690
img_4514603.jpg,RE,41400,1035,5/28/2026,10428,1,4783
img_7766030.jpg,RE,27400,685,11/15/2023,6928,1,8181
img_4636698.jpg,BC,27700,692.5,3/6/2024,7003,1,3784
img_7767874.jpg,BC,35900,897.5,2/13/2023,9053,1,6437
img_4538847.jpg,AA,53000,1325,12/20/2023,13328,1,4322
img_7767067.jpg,O,23800,595,3/26/2022,6028,1,2666
img_4534847.jpg,AA,44900,1122.5,7/9/2025,11303,1,2207
img_4635849.jpg,O,25800,645,5/3/2027,6528,1,353
img_4538841.jpg,AA,26100,652.5,5/17/2028,6603,1,2855
img_4515331.jpg,BC,45400,1135,9/6/2025,11428,1,6314
img_7765577.jpg,RE,32900,822.5,6/29/2028,8303,1,2279
img_4638825.jpg,BQ,24300,607.5,3/24/2023,6153,1,2598
img_4515592.jpg,AA,32400,810,11/21/2027,8178,1,3039
img_7768415.jpg,AA,46600,1165,9/27/2022,11728,1,3925
img_4637697.jpg,C,24700,617.5,2/4/2027,6253,1,440
img_4536804.jpg,BB,39300,982.5,11/20/2024,9903,1,9409
img_7766640.jpg,A,27400,685,6/28/2024,6928,1,2980
img_7767430.jpg,O,27800,695,8/4/2026,7028,1,603
img_4516658.jpg,DA,41200,1030,7/30/2022,10378,1,10193
img_4538945.jpg,A,40900,1022.5,11/3/2023,10303,1,7445
img_7765851.jpg,AA,23500,587.5,6/25/2024,5953,1,3208
img_4536360.jpg,DA,38200,955,9/11/2028,9628,1,4013
img_4517138.jpg,BB,25600,640,6/15/2023,6478,1,6056
img_4635892.jpg,DA,43300,1082.5,8/9/2022,10903,1,677
img_4515065.jpg,AA,26600,665,5/21/2022,6728,1,791
img_4637611.jpg,AA,43500,1087.5,10/27/2026,10953,1,4530
img_7766274.jpg,BQ,46700,1167.5,9/13/2026,11753,1,5800
img_4636644.jpg,BC,40900,1022.5,10/9/2024,10303,1,5490
img_7768062.jpg,RE,26600,665,5/11/2028,6728,1,3180
img_7764641.jpg,C,33200,830,7/4/2028,8378,1,2701
img_4638902.jpg,BQ,32100,802.5,8/16/2022,8103,1,1060
img_4536163.jpg,RE,37700,942.5,3/12/2026,9503,1,6971
img_4536390.jpg,O,27700,692.5,12/10/2027,7003,1,4766
img_7768090.jpg,RE,27500,687.5,10/31/2026,6953,1,9249
img_4534856.jpg,AC,,,1/7/2022,,1,485
img_4535412.jpg,BQ,48900,1222.5,3/19/2025,12303,1,8813
img_4518996.jpg,BC,30800,770,3/14/2024,7778,1,5710
img_4538291.jpg,BQ,24500,612.5,12/3/2023,6203,1,740
img_451397.jpg,O,47200,1180,3/7/2024,41101.68,0,0
img_7766798.jpg,B,33000,825,11/2/2026,8328,1,6790
img_4536673.jpg,BC,29200,730,6/14/2024,7378,1,5924
img_4534904.jpg,C,45000,1125,6/13/2025,11328,1,578
img_4638025.jpg,BQ,53500,1337.5,8/24/2024,13453,1,6542
img_4518065.jpg,RE,25200,630,11/13/2028,6378,1,
img_4516444.jpg,B,30100,752.5,8/8/2022,7603,1,4455
img_7767655.jpg,DA,41000,1025,7/10/2027,10328,1,8707
img_451549.jpg,C,24400,610,7/20/2028,21265.68,0,0
img_4636396.jpg,A,38700,967.5,8/13/2022,9753,1,6692
img_4518384.jpg,O,39000,975,8/19/2027,9828,1,1883
img_7764681.jpg,BC,30500,762.5,7/5/2026,7703,1,4803
img_7766618.jpg,AC,51300,1282.5,6/8/2023,12903,1,1058
img_7765929.jpg,A,35900,897.5,5/1/2028,9053,1,7005
img_7768974.jpg,BC,38800,970,7/13/2028,9778,1,5948
img_4518976.jpg,DA,25300,632.5,3/30/2026,6403,1,3777
img_4636487.jpg,AA,45100,1127.5,6/29/2026,11353,1,8395
img_4536642.jpg,A,41100,1027.5,7/18/2025,10353,1,5071
img_4536062.jpg,AA,41900,1047.5,1/23/2023,10553,1,1291
img_4517377.jpg,AA,45100,1127.5,11/29/2026,11353,1,7191
img_4637205.jpg,C,48000,1200,2/22/2026,12078,1,5111
img_4636027.jpg,C,31400,785,1/10/2027,7928,1,5000
img_4636763.jpg,A,26600,665,5/11/2024,6728,1,6441
img_7769000.jpg,B,29400,735,12/15/2022,7428,1,626
img_4537262.jpg,AA,38400,960,8/18/2022,9678,1,6757
img_4537961.jpg,DA,35700,892.5,11/10/2022,9003,1,6887
img_7766934.jpg,AC,37600,940,6/11/2027,9478,1,4442
img_4538773.jpg,O,51700,1292.5,4/25/2023,13003,1,269
img_7766198.jpg,C,31100,777.5,1/20/2023,7853,1,4409
img_7765921.jpg,BQ,40000,1000,4/20/2028,10078,1,5181
img_451799.jpg,BC,52500,1312.5,11/23/2023,45712.68,0,0
img_4636065.jpg,BQ,42700,1067.5,5/30/2027,10753,1,3792
img_4517037.jpg,RE,45000,1125,11/26/2024,11328,1,5425
img_4636703.jpg,RE,,,4/11/2024,,1,838
img_4637313.jpg,DA,37200,930,4/25/2023,9378,1,3558
img_4635305.jpg,O,34800,870,6/1/2022,8778,1,3096
img_4516142.jpg,AC,26200,655,1/28/2023,6628,1,5185
img_4636924.jpg,DA,34800,870,12/31/2024,8778,1,4431
img_4538491.jpg,B,22600,565,11/27/2021,5728,1,4970
img_4515238.jpg,BQ,44300,1107.5,3/21/2024,11153,1,1997
img_4534991.jpg,O,24600,615,6/3/2027,6228,1,2984
img_7765008.jpg,DA,34300,857.5,4/20/2023,8653,1,3979
img_4536853.jpg,A,42600,1065,8/22/2028,10728,1,7219
img_4517828.jpg,AA,32500,812.5,12/13/2028,8203,1,8943
img_4517867.jpg,AA,50500,1262.5,7/21/2027,12703,1,5646
img_4638816.jpg,BB,53000,1325,1/26/2028,13328,1,325
img_7766492.jpg,O,26000,650,8/22/2027,6578,1,5330
img_4518887.jpg,C,38500,962.5,12/11/2026,9703,1,2512
img_4518055.jpg,RE,49600,1240,12/26/2028,12478,1,4487
img_4636546.jpg,BB,26500,662.5,10/5/2022,6703,1,7759
img_4515772.jpg,C,25400,635,2/21/2024,6428,1,768
img_7766611.jpg,B,29300,732.5,8/24/2027,7403,1,6352
img_4518280.jpg,B,22600,565,6/27/2027,5728,1,647
img_7764686.jpg,C,35000,875,8/18/2026,8828,1,600
img_4532276.jpg,BB,36600,915,7/2/2022,31879.68,0,0
img_4538000.jpg,C,33900,847.5,7/23/2027,8553,1,4313
img_4535097.jpg,B,28000,700,12/17/2027,7078,1,3509
img_4536902.jpg,AA,,,10/14/2024,,1,3185
img_4537039.jpg,BQ,46700,1167.5,3/31/2023,11753,1,3589
img_4535435.jpg,A,41700,1042.5,7/10/2026,10503,1,4353
img_4516820.jpg,B,,,12/3/2025,,1,6041
img_4515058.jpg,BC,23900,597.5,6/5/2028,6053,1,533
img_4517704.jpg,BB,,,8/29/2026,,1,6224
img_4536983.jpg,B,28400,710,11/10/2021,7178,1,4836
img_4636081.jpg,BC,30900,772.5,1/28/2023,7803,1,644
img_4534672.jpg,O,29700,742.5,6/17/2027,7503,1,3528
img_7764804.jpg,AA,26200,655,1/25/2027,6628,1,10524
img_4638449.jpg,RE,40200,1005,6/13/2028,10128,1,4273
img_4516834.jpg,O,27400,685,2/22/2022,6928,1,3302
img_4535059.jpg,B,,,8/8/2022,,1,4771
img_4537896.jpg,B,32800,820,1/13/2026,8278,1,4481
img_4636849.jpg,BQ,43700,1092.5,10/5/2026,11003,1,10291
img_7765503.jpg,BC,30400,760,7/28/2028,7678,1,3178
img_4637735.jpg,C,31000,775,5/29/2028,7828,1,9131
img_4635183.jpg,BC,29800,745,11/11/2021,7528,1,550
img_4514527.jpg,O,46400,1160,9/16/2026,11678,1,382
img_4514894.jpg,DA,24900,622.5,9/18/2026,6303,1,3875
img_4537128.jpg,AC,44100,1102.5,1/4/2022,11103,1,3487
img_4537429.jpg,BB,34100,852.5,4/1/2024,8603,1,2084
img_4638067.jpg,BB,43700,1092.5,2/22/2024,11003,1,4506
img_4636687.jpg,BQ,29000,725,3/25/2026,7328,1,9942
img_7766733.jpg,A,34100,852.5,11/22/2026,8603,1,424
img_4518901.jpg,C,39000,975,7/21/2027,9828,1,417
img_4634885.jpg,AA,53000,1325,4/12/2023,13328,1,6558
img_4537058.jpg,AC,44000,1100,12/30/2021,11078,1,220
img_4516919.jpg,A,28700,717.5,10/13/2022,7253,1,7833
img_4634565.jpg,BQ,50500,1262.5,6/1/2022,12703,1,6908
img_7767858.jpg,AA,23000,575,10/5/2025,5828,1,8330
img_7765611.jpg,BC,25400,635,10/12/2026,6428,1,5647
img_4515722.jpg,A,37300,932.5,5/3/2027,32488.68,0,0
img_4536250.jpg,BC,39200,980,1/15/2024,9878,1,8210
img_4518130.jpg,C,23900,597.5,5/2/2022,6053,1,660
img_4634888.jpg,RE,43600,1090,5/14/2022,10978,1,731
img_4637051.jpg,AC,42600,1065,4/26/2028,10728,1,790
img_7768834.jpg,O,33400,835,12/16/2024,8428,1,941
img_7766260.jpg,BB,37700,942.5,12/24/2022,9503,1,7032
img_4535815.jpg,AA,28800,720,9/2/2023,7278,1,781
img_4515999.jpg,B,,,4/7/2024,,1,3676
img_4635567.jpg,AA,40300,1007.5,11/16/2021,10153,1,4728
img_4638853.jpg,BC,48400,1210,4/16/2028,12178,1,5976
img_4516724.jpg,AC,28800,720,10/17/2025,7278,1,100
img_7767403.jpg,C,31200,780,12/3/2021,7878,1,2793
img_4636095.jpg,BB,52600,1315,11/23/2028,13228,1,3293
img_4514588.jpg,AC,,,3/16/2024,,1,5250
img_4516671.jpg,C,29800,745,12/27/2026,7528,1,3580
img_4515942.jpg,C,48200,1205,6/2/2025,12128,1,3343
img_4636917.jpg,O,38900,972.5,4/29/2028,9803,1,4171
img_4517649.jpg,A,36000,900,3/8/2027,9078,1,8503
img_7765420.jpg,DA,40400,1010,11/21/2021,10178,1,1208
img_7767215.jpg,AC,38200,955,11/18/2022,9628,1,3453
img_4536696.jpg,A,44700,1117.5,5/17/2028,11253,1,3169
img_7766946.jpg,AC,27200,680,3/19/2024,6878,1,5463
img_4638508.jpg,BQ,35100,877.5,10/21/2028,8853,1,3222
img_4635995.jpg,RE,29600,740,4/7/2022,7478,1,3607
img_4537253.jpg,A,25300,632.5,5/28/2025,6403,1,6945
img_4538815.jpg,O,23800,595,10/2/2026,6028,1,827
img_4535766.jpg,B,49400,1235,9/7/2025,12428,1,3218
img_4518801.jpg,BC,53500,1337.5,8/27/2023,13453,1,6274
img_4518142.jpg,RE,44900,1122.5,11/12/2021,11303,1,4043
img_4537166.jpg,A,36900,922.5,10/10/2028,9303,1,6268
img_4515227.jpg,BC,52800,1320,5/19/2024,13278,1,5515
img_4636510.jpg,DA,48500,1212.5,11/14/2021,12203,1,9073
img_7766421.jpg,AA,49700,1242.5,3/2/2022,12503,1,679
img_4518543.jpg,A,37600,940,5/28/2023,32749.68,0,0
img_4534699.jpg,AC,52900,1322.5,4/22/2028,13303,1,7861
img_4636584.jpg,AC,52900,1322.5,10/26/2027,13303,1,10302
img_4635578.jpg,AA,47300,1182.5,8/22/2028,11903,1,4048
img_7768060.jpg,B,29000,725,2/5/2022,7328,1,285
img_4636375.jpg,AC,42300,1057.5,5/4/2024,10653,1,361
img_4538445.jpg,DA,,,12/18/2025,,1,4347
img_4516507.jpg,DA,42900,1072.5,10/10/2027,10803,1,5829
img_4635954.jpg,C,34100,852.5,9/7/2024,8603,1,8788
img_4638758.jpg,A,40200,1005,11/15/2022,10128,1,3957
img_7765003.jpg,BQ,34400,860,6/23/2023,8678,1,2178
img_7766995.jpg,AA,23100,577.5,2/18/2023,5853,1,1391
img_7765307.jpg,BQ,24000,600,10/26/2023,6078,1,2706
img_7768334.jpg,BC,53500,1337.5,6/20/2024,13453,1,4701
img_4537685.jpg,O,,,10/22/2028,,1,6678
img_4635527.jpg,DA,25600,640,7/3/2026,6478,1,4850
img_4638286.jpg,BB,31100,777.5,1/16/2023,7853,1,8304
img_4511569.jpg,BQ,31200,780,10/2/2022,27181.68,0,0
img_7765426.jpg,C,39800,995,1/8/2022,10028,1,7655
img_7768165.jpg,B,40300,1007.5,4/22/2022,10153,1,5884
img_7764883.jpg,A,52300,1307.5,5/2/2026,13153,1,473
img_7767957.jpg,A,50400,1260,9/11/2028,12678,1,1648
img_7765486.jpg,C,35400,885,10/6/2022,8928,1,3584
img_4517635.jpg,B,29400,735,2/6/2025,7428,1,3917
img_4634599.jpg,BQ,26800,670,4/25/2026,6778,1,5543
img_4538123.jpg,O,,,11/7/2026,,1,5775
img_4538731.jpg,BC,32400,810,9/28/2028,8178,1,425
img_4638392.jpg,A,40900,1022.5,12/29/2028,10303,1,7010
img_4518994.jpg,O,46000,1150,7/7/2023,40057.68,0,0
img_4517246.jpg,AC,35000,875,6/6/2027,8828,1,536
img_7767148.jpg,BC,35000,875,7/19/2026,8828,1,4172
img_4514648.jpg,BQ,37200,930,6/16/2025,9378,1,5310
img_4636159.jpg,O,36900,922.5,12/3/2024,9303,1,674
img_4516885.jpg,BC,30200,755,2/24/2022,7628,1,729
img_4637274.jpg,RE,38800,970,12/11/2026,9778,1,6304
img_4517603.jpg,A,47100,1177.5,1/23/2023,11853,1,4839
img_7765381.jpg,BQ,31000,775,4/2/2026,7828,1,4072
img_4518317.jpg,AA,33600,840,2/6/2027,8478,1,7297
img_4536693.jpg,BB,23400,585,6/21/2023,5928,1,3918
img_4635854.jpg,O,,,2/17/2028,,1,395
img_4514917.jpg,DA,,,5/2/2023,,1,5922
img_4515205.jpg,AA,27400,685,9/14/2027,6928,1,4195
img_4636285.jpg,BC,29100,727.5,12/5/2022,7353,1,8307
img_4631978.jpg,DA,32700,817.5,9/23/2025,28486.68,0,0
img_4514653.jpg,AA,40200,1005,1/4/2022,10128,1,2941
img_4515179.jpg,AA,44500,1112.5,2/10/2025,11203,1,1181
img_4516312.jpg,AC,24900,622.5,1/1/2023,6303,1,6404
img_4517533.jpg,C,52800,1320,9/21/2027,13278,1,480
img_7767062.jpg,A,28800,720,4/20/2022,7278,1,3663
img_4512529.jpg,A,45400,1135,8/11/2025,39535.68,0,0
img_4638465.jpg,BQ,30400,760,6/21/2028,7678,1,3377
img_4516496.jpg,AC,43300,1082.5,4/14/2024,10903,1,5491
img_4636711.jpg,BC,43600,1090,7/9/2023,10978,1,4711
img_4535459.jpg,BC,43700,1092.5,7/6/2025,11003,1,3925
img_4534728.jpg,AC,24500,612.5,4/6/2028,6203,1,3350
img_4537999.jpg,A,47700,1192.5,2/14/2022,12003,1,6733
img_4518454.jpg,DA,31000,775,5/25/2027,7828,1,741
img_4518793.jpg,DA,31900,797.5,11/3/2027,8053,1,3218
img_4517878.jpg,BB,35100,877.5,7/25/2025,8853,1,839
img_4515952.jpg,DA,50400,1260,5/15/2028,12678,1,9097
img_4536339.jpg,DA,33600,840,6/16/2028,29269.68,0,0
img_4537962.jpg,C,40100,1002.5,4/28/2026,10103,1,7480
img_4636680.jpg,AC,41600,1040,4/4/2023,10478,1,7314
img_7766264.jpg,BB,39600,990,5/14/2028,9978,1,597
img_4516582.jpg,DA,26800,670,10/27/2027,6778,1,4973
img_4535640.jpg,C,31400,785,12/17/2022,7928,1,5091
img_4536128.jpg,AA,25200,630,10/25/2024,6378,1,7642
img_4637595.jpg,BB,38600,965,4/25/2027,9728,1,105
img_4636461.jpg,DA,34700,867.5,12/8/2027,8753,1,6981
img_7765913.jpg,B,44500,1112.5,11/16/2023,11203,1,5783
img_7764906.jpg,B,32500,812.5,9/17/2025,8203,1,4364
img_4515244.jpg,C,30700,767.5,11/15/2021,7753,1,2679
img_4632689.jpg,C,45300,1132.5,11/19/2024,39448.68,0,0
img_7766630.jpg,A,49500,1237.5,6/30/2022,12453,1,8941
img_7764722.jpg,BC,31000,775,11/9/2025,7828,1,6630
img_4536610.jpg,AC,34800,870,7/9/2023,8778,1,4683
img_7765016.jpg,BB,51600,1290,8/7/2028,12978,1,4523
img_4636502.jpg,DA,46100,1152.5,10/10/2025,11603,1,7277
img_4515408.jpg,C,22600,565,9/17/2028,5728,1,4166
img_7764067.jpg,C,48500,1212.5,2/23/2023,42232.68,0,0
img_4534783.jpg,RE,48600,1215,7/16/2025,12228,1,6204
img_7768562.jpg,B,36600,915,9/27/2026,9228,1,5154
img_4537465.jpg,BQ,53300,1332.5,10/15/2027,13403,1,3571
img_4518225.jpg,BQ,43400,1085,3/4/2028,10928,1,475
img_4638711.jpg,AC,26900,672.5,2/21/2028,6803,1,5264
img_4637608.jpg,B,53000,1325,7/2/2022,13328,1,531
img_4515908.jpg,RE,41200,1030,5/27/2025,10378,1,5716
img_4534543.jpg,DA,37400,935,7/31/2027,9428,1,5598
img_4536716.jpg,C,45800,1145,7/28/2028,11528,1,826
img_4517337.jpg,AA,31500,787.5,4/13/2023,7953,1,5946
img_4635850.jpg,C,51800,1295,1/16/2022,13028,1,5775
img_7767484.jpg,C,44000,1100,11/7/2024,11078,1,5539
img_4518299.jpg,BB,27300,682.5,1/19/2027,6903,1,1696
img_4638388.jpg,O,29000,725,6/16/2024,7328,1,4118
img_4518289.jpg,AA,34900,872.5,9/24/2026,8803,1,3850
img_4638400.jpg,O,23000,575,5/29/2024,5828,1,3000
img_7765224.jpg,A,,,11/21/2025,,1,2698
img_4515895.jpg,A,30600,765,3/17/2027,7728,1,2851
img_7768342.jpg,C,36400,910,7/4/2024,9178,1,5604
img_7767995.jpg,AA,32500,812.5,3/3/2022,8203,1,59844
img_4535538.jpg,A,41900,1047.5,10/18/2026,10553,1,3947
img_7768500.jpg,DA,26800,670,10/30/2026,6778,1,5394
img_4517320.jpg,O,53100,1327.5,11/13/2028,13353,1,2832
img_4514864.jpg,A,42800,1070,12/16/2026,10778,1,8450
img_4516301.jpg,RE,47400,1185,2/27/2022,11928,1,694
img_4537895.jpg,BQ,50200,1255,2/9/2023,12628,1,2883
img_4517765.jpg,O,49300,1232.5,12/21/2024,12403,1,6656
img_4534820.jpg,O,30000,750,9/26/2027,7578,1,3993
img_4536180.jpg,B,32200,805,12/28/2028,8128,1,657
img_7767358.jpg,AA,41800,1045,1/18/2025,10528,1,5754
img_7767135.jpg,B,52400,1310,4/4/2022,13178,1,859
img_7768183.jpg,C,46800,1170,5/24/2027,11778,1,3422
img_4512307.jpg,B,28700,717.5,2/9/2025,25006.68,0,0
img_4635562.jpg,AA,40800,1020,5/22/2027,35533.68,0,0
img_4538903.jpg,C,25200,630,7/6/2027,6378,1,1263
img_7766117.jpg,AA,29000,725,11/8/2024,7328,1,2762
img_4516248.jpg,C,40100,1002.5,9/4/2026,10103,1,3553
img_4636783.jpg,DA,32200,805,8/21/2023,8128,1,3049
img_4515664.jpg,B,31600,790,3/23/2025,7978,1,2793
img_7765469.jpg,BB,36800,920,8/31/2024,9278,1,3135
img_4517871.jpg,B,36000,900,7/26/2027,9078,1,5423
img_4515002.jpg,BB,38800,970,1/10/2024,9778,1,2535
img_4516553.jpg,C,30400,760,10/25/2028,7678,1,4242
img_7765945.jpg,BB,31200,780,10/12/2024,7878,1,3931
img_7762023.jpg,BB,43700,1092.5,10/10/2026,38056.68,0,0
img_4634227.jpg,BC,49600,1240,3/29/2026,43189.68,0,0
img_4514501.jpg,O,23200,580,4/17/2028,5878,1,8636
img_4516307.jpg,BC,45300,1132.5,1/11/2028,39448.68,0,0
img_4638264.jpg,C,30600,765,6/24/2024,7728,1,668
img_4536648.jpg,B,50000,1250,10/25/2024,12578,1,6420
img_4537020.jpg,O,23500,587.5,11/27/2021,5953,1,324
img_4534972.jpg,BQ,42600,1065,4/3/2026,10728,1,3020
img_4535790.jpg,BQ,31100,777.5,11/8/2027,7853,1,2337
img_4537126.jpg,BB,29700,742.5,8/14/2025,7503,1,2523
img_4635588.jpg,AA,24400,610,8/31/2027,6178,1,6448
img_4637557.jpg,C,39100,977.5,9/28/2022,9853,1,701
img_4535141.jpg,AC,38700,967.5,3/2/2025,9753,1,4931
img_4638824.jpg,A,53500,1337.5,9/20/2022,13453,1,2926
img_4634579.jpg,BC,48400,1210,12/19/2022,12178,1,567
img_4635842.jpg,B,23800,595,10/22/2025,6028,1,6166
img_7765785.jpg,RE,50200,1255,2/24/2028,12628,1,2788
img_4635210.jpg,DA,41900,1047.5,8/3/2027,10553,1,6675
img_4638203.jpg,BQ,38500,962.5,12/16/2025,9703,1,4058
img_7767441.jpg,DA,31100,777.5,12/1/2025,7853,1,5485
img_7765153.jpg,BB,38900,972.5,7/8/2028,9803,1,2993
img_4536797.jpg,O,39500,987.5,5/14/2022,9953,1,5591
img_4536637.jpg,C,37200,930,11/19/2026,9378,1,3467
img_4636777.jpg,A,,,6/1/2028,,1,5752
img_4538093.jpg,A,37800,945,10/27/2025,9528,1,6146
img_4538940.jpg,O,32300,807.5,9/16/2027,8153,1,5146
img_7766266.jpg,DA,28600,715,4/5/2022,7228,1,2452
img_4635824.jpg,C,47200,1180,1/26/2026,11878,1,5051
img_4511208.jpg,A,32700,817.5,5/30/2026,28486.68,0,0
img_4634684.jpg,DA,44200,1105,5/25/2025,11128,1,6910
img_4516418.jpg,AC,51700,1292.5,7/26/2024,13003,1,3155
img_7766289.jpg,C,34300,857.5,1/21/2022,8653,1,4672
img_7764918.jpg,A,32400,810,10/12/2026,8178,1,430
img_4636101.jpg,BQ,31100,777.5,1/6/2022,7853,1,6549
img_4538845.jpg,C,25500,637.5,6/14/2027,6453,1,3111
img_7766097.jpg,BC,49700,1242.5,4/8/2025,12503,1,1222
img_4517388.jpg,B,39900,997.5,6/25/2028,10053,1,5177
img_4535269.jpg,AA,47000,1175,1/27/2026,11828,1,6525
img_4638428.jpg,RE,24600,615,11/27/2025,6228,1,738
img_4636459.jpg,BC,31500,787.5,3/9/2023,7953,1,487
img_4635689.jpg,RE,34900,872.5,10/16/2025,8803,1,4906
img_4514832.jpg,AA,27100,677.5,11/1/2022,6853,1,3070
img_4518854.jpg,RE,45200,1130,6/7/2025,11378,1,7440
img_4638768.jpg,AC,26100,652.5,1/6/2028,6603,1,621
img_4535755.jpg,AC,51500,1287.5,1/7/2022,12953,1,4058
img_4637237.jpg,DA,52300,1307.5,2/17/2025,13153,1,4565
img_4637000.jpg,BQ,41500,1037.5,12/30/2023,10453,1,3363
img_4637503.jpg,AA,31400,785,11/25/2022,7928,1,5336
img_4515101.jpg,A,33200,830,10/10/2022,8378,1,8734
img_4636333.jpg,B,,,10/30/2024,,1,
